Trading name,CLUE small area,Seating type,Number of seats,Longitude,Latitude,derived_cuisine
Noulboo Korean chicken & pork,Melbourne (CBD),Seats - Indoor,46,144.956518441,-37.82099397,Korean
The Fresh Collective,Melbourne (CBD),Seats - Outdoor,60,144.969917465,-37.81784465,Other Cuisines
Taxi Kitchen,Melbourne (CBD),Seats - Indoor,160,144.969917465,-37.81784465,Other Cuisines
Mr Huang Jin,Melbourne (CBD),Seats - Indoor,34,144.956601666,-37.81988483,Other Cuisines
Romo Pizza Bar,Melbourne (CBD),Seats - Indoor,25,144.956601666,-37.81988483,Italian
Kebab Kingz Melbourne Pty Ltd,Melbourne (CBD),Seats - Indoor,18,144.956883655,-37.82024345,Middle Eastern
State Of Grace,Melbourne (CBD),Seats - Indoor,174,144.956948504,-37.81975559,Other Cuisines
Stubby Cafe Bar & Restaurant,Melbourne (CBD),Seats - Indoor,50,144.955242109,-37.82050677,Cafe / Coffee Shop
K-Rib By Kass Kass,Melbourne (CBD),Seats - Indoor,56,144.957828786,-37.81999599,Other Cuisines
Upstanding Citizens Flinders,Melbourne (CBD),Seats - Indoor,40,144.958601136,-37.81946849,Other Cuisines
Williams Bar & Café,Melbourne (CBD),Seats - Outdoor,16,144.959510539,-37.81943285,Western / Pub / Bistro
Mokaa,Melbourne (CBD),Seats - Indoor,16,144.959187534,-37.8192157,Other Cuisines
Sergy Girl,Melbourne (CBD),Seats - Indoor,22,144.959187534,-37.8192157,Other Cuisines
Simpsons Burgers,Melbourne (CBD),Seats - Outdoor,14,144.961133901,-37.81848796,Western / Pub / Bistro
Koffi Bar,Melbourne (CBD),Seats - Indoor,36,144.961779888,-37.81822749,Western / Pub / Bistro
Koffi Bar,Melbourne (CBD),Seats - Outdoor,16,144.961779888,-37.81822749,Western / Pub / Bistro
McDonalds,Melbourne (CBD),Seats - Indoor,130,144.964499543,-37.81782922,Other Cuisines
Nando's,Melbourne (CBD),Seats - Indoor,40,144.964368397,-37.81754523,Other Cuisines
Oh! Pho,Melbourne (CBD),Seats - Indoor,73,144.964331538,-37.81741877,Vietnamese
Cuff,Melbourne (CBD),Seats - Indoor,100,144.963490994,-37.81775826,Other Cuisines
Cuff,Melbourne (CBD),Seats - Outdoor,20,144.963490994,-37.81775826,Other Cuisines
Magic Momo Kafe On Flinders,Melbourne (CBD),Seats - Indoor,75,144.963225776,-37.81784765,Other Cuisines
Sal's Authentic New York Pizza,Melbourne (CBD),Seats - Indoor,32,144.96496778,-37.81719024,Italian
Desi Adda,Melbourne (CBD),Seats - Indoor,30,144.96509495,-37.81763649,Other Cuisines
The Journal Cafe,Melbourne (CBD),Seats - Outdoor,14,144.965902771,-37.81706291,Cafe / Coffee Shop
Mock Turtle Degraves,Melbourne (CBD),Seats - Outdoor,12,144.965902771,-37.81706291,Other Cuisines
Cafe Andiamo,Melbourne (CBD),Seats - Outdoor,68,144.965902771,-37.81706291,Cafe / Coffee Shop
Pa Tong,Melbourne (CBD),Seats - Indoor,78,144.965484351,-37.81710105,Other Cuisines
Grill'd,Melbourne (CBD),Seats - Indoor,10,144.965626331,-37.8176078,Western / Pub / Bistro
II Tempo,Melbourne (CBD),Seats - Indoor,45,144.965626331,-37.8176078,Other Cuisines
Kisume,Melbourne (CBD),Seats - Indoor,150,144.968676799,-37.81618641,Other Cuisines
Toffee Cafe,Melbourne (CBD),Seats - Indoor,20,144.968143252,-37.81673488,Cafe / Coffee Shop
Movida Next Door,Melbourne (CBD),Seats - Indoor,30,144.96908618,-37.81670922,Other Cuisines
Movida,Melbourne (CBD),Seats - Indoor,70,144.96908618,-37.81670922,Other Cuisines
Gimlet,Melbourne (CBD),Seats - Indoor,120,144.969247753,-37.81598753,Other Cuisines
Le Petit Cafe,Melbourne (CBD),Seats - Indoor,14,144.97204113,-37.81584246,Cafe / Coffee Shop
The French Brasserie,Melbourne (CBD),Seats - Indoor,85,144.971726206,-37.81546152,Other Cuisines
The Fair Trader Cafe,Melbourne (CBD),Seats - Indoor,100,144.971726206,-37.81546152,Cafe / Coffee Shop
Grill'd,Melbourne (CBD),Seats - Outdoor,36,144.971726206,-37.81546152,Western / Pub / Bistro
Trinket,Melbourne (CBD),Seats - Indoor,80,144.971392515,-37.81542975,Other Cuisines
Lee Ho Fook,Melbourne (CBD),Seats - Indoor,70,144.971315408,-37.81559017,Other Cuisines
Cecconi's Flinders Lane,Melbourne (CBD),Seats - Outdoor,12,144.972512283,-37.81506474,Other Cuisines
Tom Thumb Espresso,Melbourne (CBD),Seats - Indoor,15,144.972835247,-37.81485549,Cafe / Coffee Shop
Tom Thumb Espresso,Melbourne (CBD),Seats - Outdoor,10,144.972835247,-37.81485549,Cafe / Coffee Shop
Elchi,Melbourne (CBD),Seats - Indoor,50,144.972720907,-37.8154618,Other Cuisines
Little Bang Espresso,Melbourne (CBD),Seats - Indoor,50,144.972720907,-37.8154618,Cafe / Coffee Shop
Spudbar Collins Street 567,Melbourne (CBD),Seats - Indoor,16,144.955727469,-37.81902044,Western / Pub / Bistro
Krispy Kreme,Melbourne (CBD),Seats - Outdoor,4,144.95469003,-37.81929311,Other Cuisines
Greta,Melbourne (CBD),Seats - Indoor,65,144.958548349,-37.8184145,Other Cuisines
Square One,Melbourne (CBD),Seats - Indoor,120,144.957538457,-37.81866171,Other Cuisines
BAZA MELBOURNE,Melbourne (CBD),Seats - Indoor,25,144.957538457,-37.81866171,Other Cuisines
Rustica,Melbourne (CBD),Seats - Indoor,21,144.957538457,-37.81866171,Other Cuisines
Vue de monde / The Lui Bar,Melbourne (CBD),Seats - Indoor,30,144.957538457,-37.81866171,Western / Pub / Bistro
@  Cafe 45,Melbourne (CBD),Seats - Indoor,25,144.959122077,-37.81858017,Cafe / Coffee Shop
Collins Coffee House,Melbourne (CBD),Seats - Indoor,50,144.961438973,-37.8173062,Cafe / Coffee Shop
Bluebag,Melbourne (CBD),Seats - Indoor,20,144.961113101,-37.81745676,Other Cuisines
Axil Coffee Roasters,Melbourne (CBD),Seats - Indoor,45,144.959868643,-37.8180082,Italian
First Love Coffee Collins St,Melbourne (CBD),Seats - Outdoor,16,144.959868643,-37.8180082,Cafe / Coffee Shop
Strozzi Restaurant,Melbourne (CBD),Seats - Indoor,90,144.963253733,-37.81706704,Other Cuisines
Vapiano,Melbourne (CBD),Seats - Indoor,400,144.962788805,-37.81722704,Other Cuisines
Cha Ching Eatery,Melbourne (CBD),Seats - Indoor,50,144.96244181,-37.81728432,Other Cuisines
Falcon 367,Melbourne (CBD),Seats - Indoor,52,144.96244181,-37.81728432,Other Cuisines
Mensousai Mugen,Melbourne (CBD),Seats - Indoor,35,144.963649766,-37.81686635,Other Cuisines
Kim Sing Restaurant,Melbourne (CBD),Seats - Indoor,120,144.963682753,-37.81726468,Other Cuisines
Cafe Vicolino,Melbourne (CBD),Seats - Indoor,44,144.965474376,-37.81664468,Cafe / Coffee Shop
Ojika Japanese,Melbourne (CBD),Seats - Outdoor,4,144.965596537,-37.8166033,Japanese
Three Drops Espresso,Melbourne (CBD),Seats - Indoor,6,144.966330378,-37.81584476,Cafe / Coffee Shop
Brunetti Oro Flinders Lane,Melbourne (CBD),Seats - Indoor,300,144.965651032,-37.81635062,Other Cuisines
Brunetti Oro Flinders Lane,Melbourne (CBD),Seats - Outdoor,20,144.965651032,-37.81635062,Other Cuisines
Liminal Melbourne,Melbourne (CBD),Seats - Indoor,112,144.968755295,-37.81543178,Other Cuisines
Box Seafood Restaurant,Melbourne (CBD),Seats - Indoor,80,144.967706535,-37.81546677,Other Cuisines
Lobby Lounge,Melbourne (CBD),Seats - Indoor,70,144.967430346,-37.81584777,Other Cuisines
Mamasita,Melbourne (CBD),Seats - Indoor,70,144.973462178,-37.81377997,Other Cuisines
Dame Melbourne,Melbourne (CBD),Seats - Indoor,60,144.972628037,-37.81430615,Other Cuisines
Kenzan Japanese Restaurant,Melbourne (CBD),Seats - Indoor,50,144.972628037,-37.81430615,Japanese
Il Mercato Centrale,Melbourne (CBD),Seats - Indoor,1300,144.955844585,-37.81824464,Italian
Kantina Kartel,Melbourne (CBD),Seats - Indoor,70,144.957473189,-37.81753383,Other Cuisines
At The George,Melbourne (CBD),Seats - Outdoor,12,144.958333858,-37.81753764,Other Cuisines
Saving Grace,Melbourne (CBD),Seats - Outdoor,30,144.957798923,-37.81719649,Other Cuisines
Saving Grace,Melbourne (CBD),Seats - Indoor,50,144.957798923,-37.81719649,Other Cuisines
Curry Vault,Melbourne (CBD),Seats - Indoor,60,144.960522489,-37.81642893,Indian
Macchiato On Collins,Melbourne (CBD),Seats - Indoor,34,144.959442005,-37.81730302,Other Cuisines
People's Coffee,Melbourne (CBD),Seats - Indoor,60,144.959762275,-37.81703239,Cafe / Coffee Shop
Tengu Poke,Melbourne (CBD),Seats - Indoor,26,144.960396821,-37.81629333,Other Cuisines
Dikstein's Corner Bar,Melbourne (CBD),Seats - Outdoor,36,144.960341264,-37.81631093,Western / Pub / Bistro
Otherside Coffee,Melbourne (CBD),Seats - Indoor,4,144.960085861,-37.81638558,Cafe / Coffee Shop
Intimo,Melbourne (CBD),Seats - Indoor,50,144.960085861,-37.81638558,Other Cuisines
Korean Healthy Food BBQ Box,Melbourne (CBD),Seats - Outdoor,14,144.959550019,-37.81660734,Korean
Korean Healthy Food BBQ Box,Melbourne (CBD),Seats - Indoor,36,144.959550019,-37.81660734,Korean
The Bank On Collins,Melbourne (CBD),Seats - Indoor,100,144.961045391,-37.81666775,Other Cuisines
Code Black,Melbourne (CBD),Seats - Indoor,30,144.962184393,-37.81615528,Other Cuisines
Disciples of Epicurus,Melbourne (CBD),Seats - Outdoor,22,144.963497878,-37.81592157,Other Cuisines
Disciples of Epicurus,Melbourne (CBD),Seats - Indoor,44,144.963497878,-37.81592157,Other Cuisines
Betty's Burgers,Melbourne (CBD),Seats - Indoor,88,144.963497878,-37.81592157,Western / Pub / Bistro
Momo Central,Melbourne (CBD),Seats - Outdoor,6,144.963293794,-37.81554941,Other Cuisines
The Workers Foodroom,Melbourne (CBD),Seats - Indoor,8,144.963293794,-37.81554941,Other Cuisines
Quando Quando Cucina & Bar,Melbourne (CBD),Seats - Outdoor,6,144.962439132,-37.81585501,Western / Pub / Bistro
11 Inch Pizza,Melbourne (CBD),Seats - Indoor,22,144.962984348,-37.81570426,Italian
Dodee Paidang Thai Bar And Cafe,Melbourne (CBD),Seats - Indoor,80,144.962984348,-37.81570426,Thai
Ilza,Melbourne (CBD),Seats - Outdoor,8,144.962984348,-37.81570426,Other Cuisines
Vespa Rossa,Melbourne (CBD),Seats - Indoor,88,144.964466115,-37.81529155,Other Cuisines
Le Petit Chateau,Melbourne (CBD),Seats - Indoor,24,144.964428319,-37.81561893,Cafe / Coffee Shop
Casa Frida,Melbourne (CBD),Seats - Indoor,52,144.964225403,-37.81528948,Other Cuisines
Momo station,Melbourne (CBD),Seats - Outdoor,18,144.965777332,-37.81507697,Other Cuisines
Momo station,Melbourne (CBD),Seats - Indoor,34,144.965777332,-37.81507697,Other Cuisines
Bistrot d'Orsay,Melbourne (CBD),Seats - Indoor,50,144.967277747,-37.81485585,Western / Pub / Bistro
MORENA,Melbourne (CBD),Seats - Indoor,46,144.970722603,-37.81360963,Other Cuisines
Barra,Melbourne (CBD),Seats - Indoor,36,144.970722603,-37.81360963,Western / Pub / Bistro
Bowls Baby,Melbourne (CBD),Seats - Outdoor,20,144.970722603,-37.81360963,Other Cuisines
Farmer's Daughters,Melbourne (CBD),Seats - Indoor,68,144.970722603,-37.81360963,Other Cuisines
Maverick Coffee And Food,Melbourne (CBD),Seats - Outdoor,18,144.970722603,-37.81360963,Cafe / Coffee Shop
Market Lane Coffee,Melbourne (CBD),Seats - Outdoor,10,144.973257507,-37.81314231,Cafe / Coffee Shop
Coffee Exchange,Melbourne (CBD),Seats - Outdoor,20,144.973183613,-37.81260038,Cafe / Coffee Shop
Coffee Exchange,Melbourne (CBD),Seats - Indoor,30,144.973183613,-37.81260038,Cafe / Coffee Shop
Cafe Excello,Melbourne (CBD),Seats - Outdoor,28,144.973183613,-37.81260038,Cafe / Coffee Shop
Cafe Excello,Melbourne (CBD),Seats - Indoor,30,144.973183613,-37.81260038,Cafe / Coffee Shop
Saravanaa Bhavan Melbourne,Melbourne (CBD),Seats - Indoor,96,144.955503913,-37.81708323,Other Cuisines
Zuppa,Melbourne (CBD),Seats - Outdoor,12,144.957813206,-37.81636534,Other Cuisines
Brioche by Philip,Melbourne (CBD),Seats - Indoor,25,144.957813206,-37.81636534,Other Cuisines
Ca Fe In Melbourne,Melbourne (CBD),Seats - Indoor,8,144.956668779,-37.81651426,Other Cuisines
Coffee Logic,Melbourne (CBD),Seats - Indoor,65,144.956668779,-37.81651426,Cafe / Coffee Shop
Coffee Logic,Melbourne (CBD),Seats - Outdoor,24,144.956668779,-37.81651426,Cafe / Coffee Shop
Doju,Melbourne (CBD),Seats - Indoor,46,144.957088016,-37.81686865,Other Cuisines
Chancery Lane,Melbourne (CBD),Seats - Indoor,300,144.960110059,-37.81596878,Other Cuisines
LE SHOPPE,Melbourne (CBD),Seats - Indoor,15,144.960110059,-37.81596878,Other Cuisines
CQ Bar,Melbourne (CBD),Seats - Indoor,100,144.960636631,-37.81581152,Western / Pub / Bistro
CQ Bar,Melbourne (CBD),Seats - Outdoor,40,144.960636631,-37.81581152,Western / Pub / Bistro
Roti Bar,Melbourne (CBD),Seats - Indoor,68,144.960636631,-37.81581152,Indian
Axil Coffee Roasters,Melbourne (CBD),Seats - Indoor,65,144.962944195,-37.81491502,Italian
Nosh,Melbourne (CBD),Seats - Indoor,30,144.962944195,-37.81491502,Other Cuisines
Brothers & Co,Melbourne (CBD),Seats - Indoor,50,144.962207824,-37.81510975,Other Cuisines
Hopetoun Bakehouse,Melbourne (CBD),Seats - Indoor,20,144.961818541,-37.81514598,Other Cuisines
Cafe Chokolait,Melbourne (CBD),Seats - Indoor,20,144.964012048,-37.81488174,Cafe / Coffee Shop
Cafe Chokolait,Melbourne (CBD),Seats - Outdoor,18,144.964012048,-37.81488174,Cafe / Coffee Shop
Gourmet Curry Hut,Melbourne (CBD),Seats - Indoor,28,144.964012048,-37.81488174,Indian
Gordons Cafe and Bar,Melbourne (CBD),Seats - Outdoor,8,144.964348552,-37.81473293,Cafe / Coffee Shop
Snow Moon,Melbourne (CBD),Seats - Outdoor,10,144.964348552,-37.81473293,Other Cuisines
Snow Moon,Melbourne (CBD),Seats - Indoor,17,144.964348552,-37.81473293,Other Cuisines
Crossways Vegetarian And Vegan Restaurant,Melbourne (CBD),Seats - Outdoor,28,144.965685091,-37.81429892,Other Cuisines
Sushi Hub Swanston 2,Melbourne (CBD),Seats - Indoor,68,144.965613817,-37.81414396,Japanese
Il Bacaro Cucina E Bar,Melbourne (CBD),Seats - Indoor,45,144.967859853,-37.81376794,Italian
Miiki Cake Studio,Melbourne (CBD),Seats - Indoor,22,144.966067574,-37.81379746,Other Cuisines
L'Incontro,Melbourne (CBD),Seats - Outdoor,100,144.966292046,-37.81430553,Other Cuisines
L'Incontro,Melbourne (CBD),Seats - Indoor,20,144.966292046,-37.81430553,Other Cuisines
Heng Thai Local Food Hall,Melbourne (CBD),Seats - Indoor,100,144.969463785,-37.81301069,Thai
Ishizuka,Melbourne (CBD),Seats - Indoor,16,144.969165311,-37.81279907,Other Cuisines
Sushi-Ya,Melbourne (CBD),Seats - Indoor,56,144.970109211,-37.81281453,Japanese
Mad Mex,Melbourne (CBD),Seats - Indoor,41,144.970109211,-37.81281453,Mexican
Lane's Edge Cafe,Melbourne (CBD),Seats - Indoor,26,144.97204722,-37.81193572,Cafe / Coffee Shop
Spaghetti Tree,Melbourne (CBD),Seats - Indoor,280,144.971565871,-37.81212537,Italian
Magpie Nest Cafe,Melbourne (CBD),Seats - Indoor,150,144.971449909,-37.81227428,Cafe / Coffee Shop
Beef Rice Noodle Bar,Melbourne (CBD),Seats - Outdoor,2,144.970902899,-37.812234,Chinese
Waiters Restaurant,Melbourne (CBD),Seats - Indoor,55,144.972350463,-37.81207814,Other Cuisines
San Telmo Restaurant,Melbourne (CBD),Seats - Indoor,85,144.972450949,-37.81221616,Other Cuisines
Pizza Pizza Pizza,Melbourne (CBD),Seats - Indoor,25,144.972450949,-37.81221616,Italian
King Jons,Melbourne (CBD),Seats - Indoor,47,144.955149184,-37.81584127,Other Cuisines
La Di Da,Melbourne (CBD),Seats - Indoor,250,144.955624348,-37.81551353,Other Cuisines
Chilangos,Melbourne (CBD),Seats - Outdoor,16,144.957392295,-37.81531863,Other Cuisines
Sakae,Melbourne (CBD),Seats - Outdoor,20,144.957392295,-37.81531863,Other Cuisines
Dumpling Kingdom,Melbourne (CBD),Seats - Indoor,8,144.957392295,-37.81531863,Chinese
Abacus CBD,Melbourne (CBD),Seats - Indoor,20,144.957392295,-37.81531863,Other Cuisines
Silk spoon,Melbourne (CBD),Seats - Indoor,68,144.95876067,-37.81494883,Other Cuisines
Sushi on little bourke,Melbourne (CBD),Seats - Indoor,44,144.95876067,-37.81494883,Japanese
Villas Restaurant & Bar,Melbourne (CBD),Seats - Indoor,60,144.959196898,-37.81499761,Western / Pub / Bistro
B & Baguette Cafe,Melbourne (CBD),Seats - Outdoor,8,144.959379419,-37.8150902,Cafe / Coffee Shop
Corner & Bench,Melbourne (CBD),Seats - Indoor,32,144.961491987,-37.8144361,Other Cuisines
Chiki Chiki,Melbourne (CBD),Seats - Outdoor,20,144.962707826,-37.81388737,Other Cuisines
Tropicana Juice Bar,Melbourne (CBD),Seats - Outdoor,20,144.962547924,-37.81354034,Western / Pub / Bistro
Rice Paper Scissors,Melbourne (CBD),Seats - Indoor,45,144.961405232,-37.8142907,Other Cuisines
Pandan Dessert Bar,Melbourne (CBD),Seats - Indoor,24,144.961266412,-37.81398751,Western / Pub / Bistro
Osteria Ilaria,Melbourne (CBD),Seats - Indoor,75,144.961991846,-37.81374371,Italian
Serai Kitchen,Melbourne (CBD),Seats - Indoor,54,144.961598239,-37.81379494,Other Cuisines
Serai Kitchen,Melbourne (CBD),Seats - Outdoor,24,144.961598239,-37.81379494,Other Cuisines
Gracie,Melbourne (CBD),Seats - Outdoor,20,144.961204259,-37.81385129,Other Cuisines
Triim,Melbourne (CBD),Seats - Indoor,60,144.961204259,-37.81385129,Other Cuisines
Ca De Vin,Melbourne (CBD),Seats - Outdoor,90,144.963287893,-37.81360425,Other Cuisines
The Louden Kitchen & Grill,Melbourne (CBD),Seats - Indoor,160,144.964646875,-37.81288667,Western / Pub / Bistro
Sam Sam,Melbourne (CBD),Seats - Indoor,90,144.965038641,-37.81289706,Other Cuisines
Melbourne Dae Jang Geum Korean BBQ,Melbourne (CBD),Seats - Indoor,120,144.9658365,-37.81296443,Korean
Mr Bo Restaurant,Melbourne (CBD),Seats - Indoor,80,144.966295166,-37.81272047,Other Cuisines
China Chilli,Melbourne (CBD),Seats - Indoor,180,144.966876772,-37.81259409,Chinese
Pearl Chablis And Oyster Bar,Melbourne (CBD),Seats - Indoor,18,144.967282791,-37.81244678,Western / Pub / Bistro
Sushi Hotaru,Melbourne (CBD),Seats - Indoor,32,144.967282791,-37.81244678,Japanese
Shandong Mama Dumplings,Melbourne (CBD),Seats - Indoor,48,144.967282791,-37.81244678,Chinese
Pinchy's,Melbourne (CBD),Seats - Outdoor,50,144.967282791,-37.81244678,Other Cuisines
Katsuretsu Co,Melbourne (CBD),Seats - Indoor,28,144.967282791,-37.81244678,Other Cuisines
Shanghai Dragon Dumpling House,Melbourne (CBD),Seats - Indoor,28,144.96764788,-37.81246709,Chinese
Hong Kong Cafe,Melbourne (CBD),Seats - Indoor,58,144.96758979,-37.81238087,Cafe / Coffee Shop
Udon Izakaya Maedaya,Melbourne (CBD),Seats - Indoor,50,144.968247927,-37.81251216,Japanese
Ginza Teppanyaki Japanese Restaurant,Melbourne (CBD),Seats - Indoor,200,144.968535908,-37.81206119,Japanese
Tan Hot Pot,Melbourne (CBD),Seats - Indoor,76,144.969182314,-37.81223835,Other Cuisines
sot,Melbourne (CBD),Seats - Indoor,70,144.970170292,-37.81194604,Other Cuisines
Byeok Dol,Melbourne (CBD),Seats - Indoor,90,144.969339824,-37.81146308,Other Cuisines
Hofbrauhaus Restaurant,Melbourne (CBD),Seats - Indoor,138,144.969335255,-37.81160744,Other Cuisines
Hofbrauhaus Restaurant,Melbourne (CBD),Seats - Indoor,73,144.969403095,-37.81175137,Other Cuisines
Grossi Florentino,Melbourne (CBD),Seats - Indoor,210,144.970847236,-37.81172969,Other Cuisines
Bottega Restaurant,Melbourne (CBD),Seats - Indoor,130,144.971007419,-37.81168307,Other Cuisines
Martini With Mancini / Bossa Nova,Melbourne (CBD),Seats - Indoor,30,144.971075461,-37.81166963,Other Cuisines
Martini With Mancini / Bossa Nova,Melbourne (CBD),Seats - Outdoor,12,144.971075461,-37.81166963,Other Cuisines
Pellegrini's Espresso Bar,Melbourne (CBD),Seats - Indoor,40,144.971163378,-37.81165009,Cafe / Coffee Shop
Thong Thai,Melbourne (CBD),Seats - Indoor,38,144.972362677,-37.811289,Thai
Recoleta,Melbourne (CBD),Seats - Indoor,32,144.97255541,-37.81123539,Other Cuisines
Becco,Melbourne (CBD),Seats - Indoor,100,144.971014127,-37.81143018,Other Cuisines
Bossley Bar & Restaurant,Melbourne (CBD),Seats - Outdoor,40,144.970645342,-37.81121462,Western / Pub / Bistro
Hochi Mama,Melbourne (CBD),Seats - Indoor,110,144.971830017,-37.81094349,Other Cuisines
The Daughters Arms,Melbourne (CBD),Seats - Indoor,81,144.971990272,-37.81074304,Other Cuisines
Kiss And Tell Bar,Melbourne (CBD),Seats - Indoor,90,144.971505869,-37.81083595,Western / Pub / Bistro
Bamboo House,Melbourne (CBD),Seats - Indoor,120,144.971109213,-37.81101377,Other Cuisines
Sanjha Chulha Lahore Te Amritsar Da,Melbourne (CBD),Seats - Indoor,48,144.972412935,-37.81127672,Other Cuisines
Dosa Hut Melbourne CBD,Melbourne (CBD),Seats - Indoor,178,144.954926555,-37.81529895,Other Cuisines
Mandarin Food Store,Melbourne (CBD),Seats - Outdoor,20,144.954249339,-37.81498784,Other Cuisines
Higher Ground,Melbourne (CBD),Seats - Indoor,180,144.953525588,-37.81537494,Other Cuisines
My Goodness Pizzas And Burgers,Melbourne (CBD),Seats - Indoor,131,144.953525588,-37.81537494,Italian
Sud Food & Wine,Melbourne (CBD),Seats - Indoor,48,144.956213508,-37.81439357,Other Cuisines
Melbourne Hwaro Korean BBQ,Melbourne (CBD),Seats - Indoor,92,144.955669398,-37.81501702,Korean
Melbourne Hwaro Korean BBQ,Melbourne (CBD),Seats - Outdoor,20,144.955669398,-37.81501702,Korean
Scugnizzo Ristorante,Melbourne (CBD),Seats - Indoor,85,144.955942078,-37.81491966,Italian
Shoku Eatery,Melbourne (CBD),Seats - Indoor,24,144.95704074,-37.8146364,Other Cuisines
Denmark House,Melbourne (CBD),Seats - Indoor,45,144.959722913,-37.81392391,Other Cuisines
Gasthaus On Queen,Melbourne (CBD),Seats - Indoor,55,144.959907268,-37.81386745,Other Cuisines
Sool Tong,Melbourne (CBD),Seats - Indoor,35,144.959907268,-37.81386745,Other Cuisines
215 Queens,Melbourne (CBD),Seats - Indoor,84,144.959874118,-37.81379647,Other Cuisines
Miznon,Melbourne (CBD),Seats - Indoor,70,144.960969734,-37.81338297,Other Cuisines
Miznon,Melbourne (CBD),Seats - Outdoor,30,144.960969734,-37.81338297,Other Cuisines
The Mill,Melbourne (CBD),Seats - Indoor,100,144.960907958,-37.8132345,Other Cuisines
The Mill,Melbourne (CBD),Seats - Outdoor,40,144.960907958,-37.8132345,Other Cuisines
Amigos Hardware Lane,Melbourne (CBD),Seats - Indoor,60,144.960866676,-37.8131434,Other Cuisines
Hencho En Mexico,Melbourne (CBD),Seats - Outdoor,28,144.961106093,-37.81307029,Mexican
Grill Steak Seafood,Melbourne (CBD),Seats - Outdoor,60,144.961167317,-37.81318202,Cafe / Coffee Shop
Crust Gourmet Pizza Bar Melbourne,Melbourne (CBD),Seats - Indoor,24,144.961464779,-37.81291055,Italian
Pho Thin,Melbourne (CBD),Seats - Outdoor,16,144.961012082,-37.81288006,Vietnamese
Woo 399 BBQ Lonsdale St,Melbourne (CBD),Seats - Indoor,104,144.960680876,-37.81303978,Korean
Hawker Boys,Melbourne (CBD),Seats - Outdoor,16,144.960680876,-37.81303978,Other Cuisines
Claypots Barbarossa,Melbourne (CBD),Seats - Outdoor,40,144.960680876,-37.81303978,Western / Pub / Bistro
French Saloon,Melbourne (CBD),Seats - Indoor,50,144.96132824,-37.81354346,Other Cuisines
Blok M Express,Melbourne (CBD),Seats - Indoor,50,144.96132824,-37.81354346,Other Cuisines
Tetsujin,Melbourne (CBD),Seats - Indoor,100,144.963838585,-37.81245199,Other Cuisines
Miga Korean Jeongsik,Melbourne (CBD),Seats - Indoor,60,144.963838585,-37.81245199,Korean
The Beast CBD,Melbourne (CBD),Seats - Indoor,50,144.964839484,-37.8125239,Other Cuisines
Bowltiful Lanzhou Beef Noodles,Melbourne (CBD),Seats - Indoor,60,144.964736445,-37.81230108,Other Cuisines
Pho Ganh,Melbourne (CBD),Seats - Indoor,56,144.964531633,-37.81185964,Vietnamese
McDonalds,Melbourne (CBD),Seats - Indoor,94,144.964507035,-37.81180752,Other Cuisines
Supper Inn Chinese Restaurant,Melbourne (CBD),Seats - Indoor,70,144.96613017,-37.81188094,Chinese
Nelayan Indonesian Restaurant,Melbourne (CBD),Seats - Indoor,130,144.966630476,-37.81126839,Other Cuisines
Tsindos Greek Restaurant,Melbourne (CBD),Seats - Outdoor,16,144.966576483,-37.81128456,Greek
Tsindos Greek Restaurant,Melbourne (CBD),Seats - Indoor,80,144.966576483,-37.81128456,Greek
By Korea,Melbourne (CBD),Seats - Indoor,45,144.96560295,-37.81213633,Other Cuisines
Wong's Late Night Hot Pot,Melbourne (CBD),Seats - Indoor,70,144.966418386,-37.81202818,Other Cuisines
Fortune Dumpling,Melbourne (CBD),Seats - Indoor,65,144.966672391,-37.81197639,Chinese
Bornga Melbourne,Melbourne (CBD),Seats - Indoor,110,144.966941928,-37.81186912,Other Cuisines
Juicy Bao,Melbourne (CBD),Seats - Indoor,70,144.966941928,-37.81186912,Other Cuisines
Spice World Melbourne,Melbourne (CBD),Seats - Indoor,100,144.967129981,-37.8118553,Other Cuisines
Sweetie And Moustache Dessert Lounge,Melbourne (CBD),Seats - Indoor,80,144.967298399,-37.81169847,Other Cuisines
Welive Hotpot,Melbourne (CBD),Seats - Indoor,35,144.967236445,-37.81156166,Chinese
LaoLiuZhou River Snails Rice Noodles,Melbourne (CBD),Seats - Indoor,25,144.967166699,-37.81140869,Other Cuisines
Nam Loong,Melbourne (CBD),Seats - Indoor,50,144.967166699,-37.81140869,Other Cuisines
Shan Cheng Wai Fish And Pickles,Melbourne (CBD),Seats - Indoor,28,144.965104624,-37.81169356,Other Cuisines
Gong De Lin,Melbourne (CBD),Seats - Indoor,40,144.965147314,-37.81181063,Other Cuisines
Foodie Hub,Melbourne (CBD),Seats - Indoor,20,144.965250371,-37.81199559,Other Cuisines
Yamato Japanese Restaurant,Melbourne (CBD),Seats - Indoor,50,144.969584878,-37.81067091,Japanese
Pinto Thai Food,Melbourne (CBD),Seats - Indoor,20,144.969520605,-37.81051104,Thai
Bar Margaux,Melbourne (CBD),Seats - Indoor,213,144.969119408,-37.81053335,Western / Pub / Bistro
Dumpling Guys,Melbourne (CBD),Seats - Indoor,45,144.96786271,-37.81093607,Chinese
Ants Bistro,Melbourne (CBD),Seats - Indoor,100,144.967994718,-37.81132789,Western / Pub / Bistro
Home Kitchen & Bar,Melbourne (CBD),Seats - Indoor,80,144.967994718,-37.81132789,Western / Pub / Bistro
Shangha Street Xiaolongboa & Dumpling,Melbourne (CBD),Seats - Indoor,80,144.967994718,-37.81132789,Chinese
Shou Sumiyaki,Melbourne (CBD),Seats - Indoor,90,144.967863195,-37.81158809,Other Cuisines
Tami Sweet Lonsdale,Melbourne (CBD),Seats - Indoor,12,144.968152905,-37.81081665,Other Cuisines
Supagrind,Melbourne (CBD),Seats - Indoor,35,144.97049616,-37.81055707,Other Cuisines
Kenny's Bakery Cafe,Melbourne (CBD),Seats - Indoor,18,144.970714898,-37.81005686,Cafe / Coffee Shop
Bobbys Coffee & Bagels,Melbourne (CBD),Seats - Outdoor,16,144.970714898,-37.81005686,Cafe / Coffee Shop
Shark Fin Inn City,Melbourne (CBD),Seats - Indoor,220,144.970974892,-37.81068513,Other Cuisines
Little Gordon,Melbourne (CBD),Seats - Outdoor,20,144.971413781,-37.81033978,Other Cuisines
Anda Cafe,Melbourne (CBD),Seats - Indoor,40,144.971835359,-37.80990397,Cafe / Coffee Shop
Taketori Fusion Japanese,Melbourne (CBD),Seats - Indoor,40,144.954298289,-37.81392013,Japanese
Omo,Melbourne (CBD),Seats - Indoor,32,144.953922371,-37.81421045,Other Cuisines
Pepper Lunch,Melbourne (CBD),Seats - Indoor,42,144.952954607,-37.81437529,Other Cuisines
Eggholic Sweet,Melbourne (CBD),Seats - Indoor,20,144.952954607,-37.81437529,Other Cuisines
Dosirock,Melbourne (CBD),Seats - Indoor,40,144.954822177,-37.81349786,Other Cuisines
House Blend,Melbourne (CBD),Seats - Outdoor,16,144.954822177,-37.81349786,Other Cuisines
BBQ KING,Melbourne (CBD),Seats - Indoor,130,144.954822177,-37.81349786,Korean
Encanto,Melbourne (CBD),Seats - Indoor,30,144.955771594,-37.81386782,Other Cuisines
Chun Chun Pocha,Melbourne (CBD),Seats - Indoor,30,144.956421679,-37.81365662,Korean
Cafe Court,Melbourne (CBD),Seats - Indoor,30,144.956421679,-37.81365662,Cafe / Coffee Shop
Liyin Rice Roll Master,Melbourne (CBD),Seats - Outdoor,4,144.956016924,-37.8134766,Other Cuisines
Gami Chicken and Beer,Melbourne (CBD),Seats - Indoor,40,144.956016924,-37.8134766,Other Cuisines
Yuk Gam,Melbourne (CBD),Seats - Indoor,110,144.956016924,-37.8134766,Other Cuisines
County Cafe Pty Ltd,Melbourne (CBD),Seats - Outdoor,16,144.958352884,-37.8130525,Cafe / Coffee Shop
County Cafe Pty Ltd,Melbourne (CBD),Seats - Indoor,24,144.958352884,-37.8130525,Cafe / Coffee Shop
Oski Snowice,Melbourne (CBD),Seats - Indoor,34,144.961645358,-37.81165187,Other Cuisines
G2 Korean BBQ,Melbourne (CBD),Seats - Indoor,74,144.961626692,-37.81161119,Korean
Shanghai Street On Elizabeth,Melbourne (CBD),Seats - Indoor,80,144.961598787,-37.81155119,Chinese
Nimbo Pty Ltd,Melbourne (CBD),Seats - Outdoor,6,144.960393602,-37.81210735,Other Cuisines
Mook Ji Bar,Melbourne (CBD),Seats - Indoor,68,144.960325405,-37.81244232,Western / Pub / Bistro
Noodle Villa,Melbourne (CBD),Seats - Indoor,84,144.961762525,-37.81212877,Other Cuisines
Sara Craft Ramen & Bar,Melbourne (CBD),Seats - Indoor,21,144.960341087,-37.81187439,Japanese
Chocolateria San Churro QV,Melbourne (CBD),Seats - Indoor,40,144.965703374,-37.810658,Other Cuisines
Dainty sichuan noodles,Melbourne (CBD),Seats - Indoor,50,144.965703374,-37.810658,Other Cuisines
Hakata Gensuke QV,Melbourne (CBD),Seats - Indoor,32,144.965703374,-37.810658,Other Cuisines
Ippudo,Melbourne (CBD),Seats - Indoor,60,144.965703374,-37.810658,Other Cuisines
Max Brenner Chocolates,Melbourne (CBD),Seats - Outdoor,56,144.965703374,-37.810658,Other Cuisines
Meet Fresh QV,Melbourne (CBD),Seats - Indoor,46,144.965703374,-37.810658,Other Cuisines
Old Man Pho,Melbourne (CBD),Seats - Indoor,45,144.965703374,-37.810658,Vietnamese
Sura Korean BBQ,Melbourne (CBD),Seats - Outdoor,20,144.965703374,-37.810658,Korean
Pepe's Italian & Liquor,Melbourne (CBD),Seats - Indoor,90,144.968906571,-37.80938322,Italian
Reed House,Melbourne (CBD),Seats - Outdoor,50,144.968171809,-37.8099428,Other Cuisines
Sakura Kaiten Sushi,Melbourne (CBD),Seats - Indoor,42,144.968171809,-37.8099428,Japanese
Fishbowl,Melbourne (CBD),Seats - Indoor,30,144.968171809,-37.8099428,Other Cuisines
FOUNDRY LANE / Espresso Impresso,Melbourne (CBD),Seats - Indoor,22,144.967574017,-37.81012652,Cafe / Coffee Shop
Mellow Beans,Melbourne (CBD),Seats - Indoor,40,144.970732451,-37.8091842,Other Cuisines
Bluebag,Melbourne (CBD),Seats - Indoor,18,144.970732451,-37.8091842,Other Cuisines
Axil Coffee Roasters,Melbourne (CBD),Seats - Indoor,71,144.970732451,-37.8091842,Italian
Shuji sushi,Melbourne (CBD),Seats - Indoor,20,144.970732451,-37.8091842,Japanese
Tram Cafe,Melbourne (CBD),Seats - Outdoor,15,144.952896203,-37.81327282,Cafe / Coffee Shop
Tram Cafe,Melbourne (CBD),Seats - Indoor,60,144.952896203,-37.81327282,Cafe / Coffee Shop
Angliss Restaurant,Melbourne (CBD),Seats - Indoor,150,144.952896203,-37.81327282,Other Cuisines
Atrium 485,Melbourne (CBD),Seats - Indoor,14,144.95495139,-37.81275166,Other Cuisines
Perch Cafe,Melbourne (CBD),Seats - Indoor,20,144.95495139,-37.81275166,Cafe / Coffee Shop
Dongdaemun,Melbourne (CBD),Seats - Indoor,24,144.955572945,-37.81290439,Other Cuisines
The Workers Food Room,Melbourne (CBD),Seats - Indoor,38,144.955503857,-37.81299012,Other Cuisines
The Mint Bar & Restaurant,Melbourne (CBD),Seats - Indoor,36,144.957360919,-37.81209045,Western / Pub / Bistro
Brick Lane Cafe,Melbourne (CBD),Seats - Indoor,50,144.959861129,-37.81146107,Cafe / Coffee Shop
Khao,Melbourne (CBD),Seats - Outdoor,10,144.959644312,-37.81107017,Other Cuisines
Barkada,Melbourne (CBD),Seats - Outdoor,6,144.960948366,-37.81131628,Western / Pub / Bistro
Poke Bibimbap,Melbourne (CBD),Seats - Indoor,13,144.962061274,-37.81084464,Other Cuisines
Poke Bibimbap,Melbourne (CBD),Seats - Outdoor,4,144.962061274,-37.81084464,Other Cuisines
Old Man Pho,Melbourne (CBD),Seats - Indoor,16,144.962061274,-37.81084464,Vietnamese
Mad Mex,Melbourne (CBD),Seats - Indoor,25,144.963018917,-37.81073331,Mexican
Niku Shiki,Melbourne (CBD),Seats - Indoor,50,144.963018917,-37.81073331,Other Cuisines
Makoto Melbourne Central,Melbourne (CBD),Seats - Indoor,50,144.963018917,-37.81073331,Other Cuisines
Little Sparrow,Melbourne (CBD),Seats - Indoor,40,144.963018917,-37.81073331,Other Cuisines
Asian Beer Cafe,Melbourne (CBD),Seats - Indoor,560,144.963018917,-37.81073331,Cafe / Coffee Shop
Unabara/Gyoza Gyoza,Melbourne (CBD),Seats - Outdoor,44,144.963018917,-37.81073331,Western / Pub / Bistro
Unabara/Gyoza Gyoza,Melbourne (CBD),Seats - Indoor,30,144.963018917,-37.81073331,Western / Pub / Bistro
Sushi Jiro,Melbourne (CBD),Seats - Indoor,32,144.963018917,-37.81073331,Japanese
Guzman Y Gomez Swanston Street,Melbourne (CBD),Seats - Outdoor,18,144.964263714,-37.81122709,Mexican
Guzman Y Gomez Swanston Street,Melbourne (CBD),Seats - Indoor,65,144.964263714,-37.81122709,Mexican
David's Master Pot Swanston,Melbourne (CBD),Seats - Indoor,26,144.964193795,-37.81107765,Other Cuisines
The Moat Bar & Cafe,Melbourne (CBD),Seats - Indoor,74,144.965306017,-37.80976881,Cafe / Coffee Shop
Noodle & Bbq,Melbourne (CBD),Seats - Indoor,28,144.968724374,-37.80874125,Korean
Grandma's Dumplings,Melbourne (CBD),Seats - Indoor,44,144.968704545,-37.80869914,Chinese
Grandma's Dumplings,Melbourne (CBD),Seats - Outdoor,6,144.968704545,-37.80869914,Chinese
The League of Honest Coffee,Melbourne (CBD),Seats - Indoor,60,144.968446286,-37.80913993,Cafe / Coffee Shop
Rong Cha,Melbourne (CBD),Seats - Indoor,30,144.97101463,-37.80814525,Other Cuisines
baru,West Melbourne (Residential),Seats - Indoor,24,144.953251433,-37.81166257,Western / Pub / Bistro
The Dispensa,West Melbourne (Residential),Seats - Outdoor,6,144.953251433,-37.81166257,Other Cuisines
Cafenatics,Melbourne (CBD),Seats - Indoor,38,144.957113997,-37.81123723,Cafe / Coffee Shop
Charles LaTrobe Coffee Co,Melbourne (CBD),Seats - Indoor,80,144.958052866,-37.81075363,Cafe / Coffee Shop
Operator 25,Melbourne (CBD),Seats - Indoor,56,144.957162073,-37.81071591,Other Cuisines
Lanzhou Beef Noodle Bar,Melbourne (CBD),Seats - Indoor,65,144.960849507,-37.8100143,Chinese
Keki Milkbar,Melbourne (CBD),Seats - Indoor,42,144.959277551,-37.81067976,Western / Pub / Bistro
Little nooky,Melbourne (CBD),Seats - Indoor,16,144.960434848,-37.81010387,Other Cuisines
Cherry Lane Espresso,Melbourne (CBD),Seats - Indoor,42,144.959061169,-37.81040943,Cafe / Coffee Shop
Hualu Peking Duck,Melbourne (CBD),Seats - Indoor,130,144.959762876,-37.80988902,Chinese
Chang Go,Melbourne (CBD),Seats - Indoor,100,144.961742875,-37.80944542,Other Cuisines
Samut,Melbourne (CBD),Seats - Indoor,28,144.962251266,-37.80929555,Other Cuisines
Joomak Korean Restaurant,Melbourne (CBD),Seats - Indoor,92,144.96317964,-37.80895593,Korean
No. 1 Spicy Hot Pot,Melbourne (CBD),Seats - Indoor,22,144.962610056,-37.80894099,Other Cuisines
The Bowen St Cafe,Melbourne (CBD),Seats - Indoor,20,144.964543533,-37.80818156,Cafe / Coffee Shop
tokyo yokocho,Melbourne (CBD),Seats - Indoor,48,144.964543533,-37.80818156,Other Cuisines
Karomi Cafe,Melbourne (CBD),Seats - Outdoor,6,144.967394785,-37.80768212,Cafe / Coffee Shop
Han Guuk Guan,Melbourne (CBD),Seats - Indoor,100,144.967982089,-37.8075865,Other Cuisines
Diner On Franklyn,Melbourne (CBD),Seats - Indoor,20,144.956662638,-37.80967008,Other Cuisines
Tokyo 7 Japanese Restaurant,Melbourne (CBD),Seats - Indoor,46,144.956601159,-37.81015871,Japanese
Top Tea,Melbourne (CBD),Seats - Outdoor,8,144.960522599,-37.80918797,Cafe / Coffee Shop
Biang Biang Elizabeth,Melbourne (CBD),Seats - Indoor,40,144.96048906,-37.80911596,Other Cuisines
Shu Ramen Elizabeth,Melbourne (CBD),Seats - Indoor,32,144.960424356,-37.80897533,Japanese
Rose Garden Barbecue Shop,Melbourne (CBD),Seats - Indoor,32,144.960343859,-37.8088586,Western / Pub / Bistro
Menya Ramen,Melbourne (CBD),Seats - Indoor,94,144.96023688,-37.80880991,Japanese
Malaysian Laksa House,Melbourne (CBD),Seats - Indoor,54,144.960215796,-37.80856366,Other Cuisines
Ichigo,Melbourne (CBD),Seats - Outdoor,50,144.959575429,-37.80904835,Other Cuisines
Jojo Little Kitchen,Melbourne (CBD),Seats - Indoor,34,144.959575429,-37.80904835,Other Cuisines
Lucky Guys Claypot City,Melbourne (CBD),Seats - Indoor,20,144.959575429,-37.80904835,Other Cuisines
Yoi,Melbourne (CBD),Seats - Outdoor,36,144.959575429,-37.80904835,Other Cuisines
Nene Chicken,Melbourne (CBD),Seats - Indoor,18,144.961157281,-37.80894909,Other Cuisines
Alex Canteen,Melbourne (CBD),Seats - Indoor,48,144.957205484,-37.80765748,Other Cuisines
Hideaway Melbourne,Melbourne (CBD),Seats - Indoor,14,144.957205484,-37.80765748,Other Cuisines
Hideaway Melbourne,Melbourne (CBD),Seats - Outdoor,6,144.957205484,-37.80765748,Other Cuisines
Market Espresso & Trolley Hire,Melbourne (CBD),Seats - Indoor,42,144.957205484,-37.80765748,Cafe / Coffee Shop
Market Lane Coffee,Melbourne (CBD),Seats - Indoor,4,144.957205484,-37.80765748,Cafe / Coffee Shop
Romeo Takeaway Cafe,Melbourne (CBD),Seats - Outdoor,20,144.957205484,-37.80765748,Cafe / Coffee Shop
Drums Sri Lankan Street Food,Melbourne (CBD),Seats - Indoor,12,144.957205484,-37.80765748,Other Cuisines
Drums Sri Lankan Street Food,Melbourne (CBD),Seats - Outdoor,12,144.957205484,-37.80765748,Other Cuisines
El Rincon,Melbourne (CBD),Seats - Indoor,18,144.957205484,-37.80765748,Other Cuisines
El Rincon,Melbourne (CBD),Seats - Outdoor,12,144.957205484,-37.80765748,Other Cuisines
Saltwater Sushi And Oyster Bar,Melbourne (CBD),Seats - Outdoor,12,144.957205484,-37.80765748,Japanese
Kenangan,Melbourne (CBD),Seats - Indoor,30,144.957205484,-37.80765748,Other Cuisines
Supersede Coffee,Melbourne (CBD),Seats - Indoor,23,144.957205484,-37.80765748,Cafe / Coffee Shop
Pondok Rempah,Melbourne (CBD),Seats - Indoor,42,144.959791631,-37.8076029,Other Cuisines
Jasper Kitchen,Melbourne (CBD),Seats - Outdoor,6,144.959633112,-37.80750344,Other Cuisines
Wong's Lucky Bar,Melbourne (CBD),Seats - Indoor,74,144.958936644,-37.80819713,Western / Pub / Bistro
Mansae,Melbourne (CBD),Seats - Indoor,150,144.959088605,-37.8076845,Other Cuisines
Lovey Patisserie Cafe / X Playground,Melbourne (CBD),Seats - Indoor,25,144.959088605,-37.8076845,Cafe / Coffee Shop
St Ali & The Queen,Melbourne (CBD),Seats - Indoor,20,144.958461316,-37.80788769,Other Cuisines
The Brick Lane Market,Melbourne (CBD),Seats - Outdoor,25,144.958461316,-37.80788769,Other Cuisines
Sarawak Kitchen,Melbourne (CBD),Seats - Indoor,45,144.95996948,-37.807983,Other Cuisines
My Dumpling Meal,Melbourne (CBD),Seats - Outdoor,10,144.959950757,-37.80794087,Chinese
My Dumpling Meal,Melbourne (CBD),Seats - Indoor,30,144.959950757,-37.80794087,Chinese
Nisa's Thai Street Food,Melbourne (CBD),Seats - Outdoor,14,144.962090701,-37.80728963,Thai
Xiangli Cuisine,Melbourne (CBD),Seats - Indoor,26,144.962090701,-37.80728963,Other Cuisines
Byblos Bar & Restaurant,Docklands,Seats - Indoor,200,144.953818379,-37.82273183,Western / Pub / Bistro
Degani Bakery Cafe,Docklands,Seats - Indoor,72,144.953818379,-37.82273183,Cafe / Coffee Shop
Schnitz Melbourne Connect,Carlton,Seats - Outdoor,16,144.96482819,-37.7999972,Other Cuisines
Shuji Sushi,Carlton,Seats - Outdoor,30,144.96482819,-37.7999972,Japanese
Wild Timor Coffee Carlton,Carlton,Seats - Outdoor,24,144.965258417,-37.7987209,Cafe / Coffee Shop
Wild Timor Coffee Carlton,Carlton,Seats - Indoor,17,144.965258417,-37.7987209,Cafe / Coffee Shop
Papa Gino's Pizza Restaurant,Carlton,Seats - Indoor,95,144.966717255,-37.80018973,Italian
Papa Gino's Pizza Restaurant,Carlton,Seats - Outdoor,40,144.966717255,-37.80018973,Italian
Cafe Corretto,Carlton,Seats - Outdoor,30,144.966741006,-37.80004558,Cafe / Coffee Shop
Di Stasio Pizzeria,Carlton,Seats - Indoor,170,144.966863457,-37.79829108,Italian
King & Godfree,Carlton,Seats - Indoor,200,144.967041148,-37.79838828,Other Cuisines
Milk The Cow Licensed Fromagerie,Carlton,Seats - Outdoor,20,144.967125791,-37.79777439,Other Cuisines
Jimmy Watson's Wine Bar,Carlton,Seats - Indoor,120,144.967177892,-37.7975082,Western / Pub / Bistro
Intersection Cafe,Carlton,Seats - Indoor,39,144.967228741,-37.79734681,Cafe / Coffee Shop
Intersection Cafe,Carlton,Seats - Outdoor,4,144.967228741,-37.79734681,Cafe / Coffee Shop
Le Miel Et La Lune,Carlton,Seats - Outdoor,8,144.966377828,-37.79685803,Other Cuisines
Adonai Foods,Carlton,Seats - Indoor,80,144.969095378,-37.79465838,Other Cuisines
Rathdowne & Reeves Cafe,Carlton,Seats - Outdoor,22,144.970767327,-37.79366098,Cafe / Coffee Shop
Rathdowne & Reeves Cafe,Carlton,Seats - Indoor,48,144.970767327,-37.79366098,Cafe / Coffee Shop
Sunhands,Carlton,Seats - Indoor,30,144.969295009,-37.79757961,Other Cuisines
Masani Italian Dining & Terrace,Carlton,Seats - Indoor,60,144.968491963,-37.79837995,Italian
Crinitis Southern Italian Cuisine,Carlton,Seats - Indoor,110,144.967837797,-37.79850637,Italian
Crinitis Southern Italian Cuisine,Carlton,Seats - Outdoor,86,144.967837797,-37.79850637,Italian
Brunetti Classico Carlton,Carlton,Seats - Indoor,300,144.968178866,-37.79803089,Other Cuisines
Sea Salt Kitchen,Carlton,Seats - Indoor,50,144.967643727,-37.79828024,Other Cuisines
Gemma Simply Italian,Carlton,Seats - Outdoor,15,144.968384074,-37.79752965,Italian
Gemma Simply Italian,Carlton,Seats - Indoor,55,144.968384074,-37.79752965,Italian
Doc Pizza & Mozarella Bar,Carlton,Seats - Outdoor,40,144.968443765,-37.7989855,Italian
Shakahari Vegetarian Restaurant,Carlton,Seats - Outdoor,20,144.967802954,-37.79900338,Other Cuisines
Kaprica,Carlton,Seats - Outdoor,4,144.967880034,-37.80059699,Other Cuisines
Grill'd Healthy Burgers,Carlton,Seats - Indoor,56,144.967526441,-37.79887015,Western / Pub / Bistro
DOC Espresso,Carlton,Seats - Indoor,50,144.96747353,-37.79932164,Cafe / Coffee Shop
"Johnny, Vince And Sam's",Carlton,Seats - Indoor,225,144.967416427,-37.79978612,Other Cuisines
Zeus Street Greek,Carlton,Seats - Outdoor,24,144.967318258,-37.80036743,Greek
Zeus Street Greek,Carlton,Seats - Indoor,28,144.967318258,-37.80036743,Greek
East Imperial,Carlton,Seats - Indoor,140,144.969880959,-37.79918387,Other Cuisines
Paris Go Bistro,Carlton,Seats - Outdoor,4,144.970884118,-37.79695652,Western / Pub / Bistro
Fenton Bistro,Carlton,Seats - Outdoor,8,144.971086189,-37.79578979,Western / Pub / Bistro
Sushi Ten,Carlton,Seats - Indoor,24,144.97118345,-37.79518777,Japanese
Thai 29 Carlton,Carlton,Seats - Indoor,50,144.971174478,-37.79523278,Thai
Thai 29 Carlton,Carlton,Seats - Outdoor,8,144.971174478,-37.79523278,Thai
The Olive Jar,Carlton,Seats - Indoor,55,144.971149742,-37.7953809,Other Cuisines
The Olive Jar,Carlton,Seats - Outdoor,20,144.971149742,-37.7953809,Other Cuisines
Bossy Beans,Carlton,Seats - Outdoor,12,144.971123092,-37.79553609,Other Cuisines
Bossy Beans,Carlton,Seats - Indoor,35,144.971123092,-37.79553609,Other Cuisines
Al Dente Enoteca,Carlton,Seats - Indoor,66,144.974806593,-37.7963885,Other Cuisines
Al Dente Enoteca,Carlton,Seats - Outdoor,12,144.974806593,-37.7963885,Other Cuisines
Al Dente Sapori,Carlton,Seats - Outdoor,12,144.974806593,-37.7963885,Other Cuisines
Books N Bites Cafe,Carlton,Seats - Indoor,60,144.958328684,-37.80169537,Cafe / Coffee Shop
Haymarket Place,Carlton,Seats - Outdoor,10,144.958998433,-37.80052523,Other Cuisines
Baretto Cafe,Carlton,Seats - Outdoor,15,144.959280641,-37.80023307,Cafe / Coffee Shop
Cafe Commercio,Carlton,Seats - Outdoor,20,144.958820263,-37.80155731,Cafe / Coffee Shop
Best tian shan,Carlton,Seats - Indoor,80,144.963297148,-37.80058304,Other Cuisines
KFC Carlton,Carlton,Seats - Outdoor,15,144.963642266,-37.8006201,Other Cuisines
Gyoza San,Carlton,Seats - Outdoor,12,144.965103662,-37.80077102,Other Cuisines
Rice Bar Not Only Rice,Carlton,Seats - Indoor,58,144.965103662,-37.80077102,Western / Pub / Bistro
Colourful Yunnan Restaurant,Carlton,Seats - Indoor,150,144.964236564,-37.80062759,Other Cuisines
Xian Famous Food,Carlton,Seats - Indoor,60,144.964226369,-37.80069087,Other Cuisines
Pondok Laguna,Carlton,Seats - Indoor,40,144.964282293,-37.80131908,Other Cuisines
Norsiah's Kitchen,Carlton,Seats - Outdoor,12,144.96431186,-37.80188571,Other Cuisines
Chargrilled Vietnamese Kitchen,Carlton,Seats - Outdoor,6,144.965626451,-37.80132569,Vietnamese
Stuzzichino,Carlton,Seats - Indoor,24,144.966456885,-37.80171819,Other Cuisines
Mixity Restaurant and Cafe,Carlton,Seats - Indoor,40,144.966469147,-37.80165695,Cafe / Coffee Shop
Seoul Pocha,Carlton,Seats - Indoor,50,144.966476308,-37.80160598,Korean
San Churro Chocolateria,Carlton,Seats - Indoor,60,144.966485562,-37.80156205,Other Cuisines
Cafe Cavallino,Carlton,Seats - Indoor,100,144.966496703,-37.80144374,Cafe / Coffee Shop
Leyalina,Carlton,Seats - Indoor,48,144.966496731,-37.80114228,Other Cuisines
Leyalina,Carlton,Seats - Outdoor,26,144.966496731,-37.80114228,Other Cuisines
Seasons Provedore,Carlton,Seats - Indoor,50,144.966659073,-37.80096704,Other Cuisines
Dragon Hot Pot,Carlton,Seats - Indoor,46,144.96576978,-37.80081687,Other Cuisines
Kahaani,Carlton,Seats - Outdoor,10,144.967184315,-37.80103476,Other Cuisines
Il Gusto,Carlton,Seats - Indoor,75,144.967160519,-37.80118693,Italian
La Spaghettata Pty Ltd,Carlton,Seats - Outdoor,44,144.967236482,-37.80162591,Other Cuisines
Agha Juice,Carlton,Seats - Outdoor,16,144.967217525,-37.80175883,Other Cuisines
AFGHAN KEBAB CARLTON,Carlton,Seats - Indoor,50,144.967209194,-37.80180395,Middle Eastern
Grillers Mark,Carlton,Seats - Indoor,60,144.967142521,-37.8021884,Western / Pub / Bistro
Market Cafe / Station Cafe / Mercury Restaurant,Carlton,Seats - Outdoor,20,144.971635508,-37.80401887,Cafe / Coffee Shop
Coffee On Drummond,Carlton,Seats - Outdoor,6,144.968286814,-37.80482036,Cafe / Coffee Shop
Nefes,Carlton,Seats - Outdoor,40,144.966780013,-37.80305855,Other Cuisines
Il Gambero,Carlton,Seats - Outdoor,28,144.966813823,-37.803305,Italian
Martabak Pecenongan 78 & D'Bakmie,Carlton,Seats - Outdoor,10,144.966699249,-37.80443778,Other Cuisines
Saigon Pho Carlton,Carlton,Seats - Outdoor,10,144.966699249,-37.80443778,Vietnamese
Saigon Pho Carlton,Carlton,Seats - Indoor,35,144.966699249,-37.80443778,Vietnamese
Lambs Restaurant,Carlton,Seats - Indoor,85,144.966699249,-37.80443778,Other Cuisines
Il Dolce Freddo,Carlton,Seats - Outdoor,24,144.966699249,-37.80443778,Italian
Il Dolce Freddo,Carlton,Seats - Indoor,22,144.966699249,-37.80443778,Italian
I Love Istanbul,Carlton,Seats - Indoor,42,144.965949772,-37.80467681,Other Cuisines
I Love Istanbul,Carlton,Seats - Outdoor,12,144.965949772,-37.80467681,Other Cuisines
O'Porto,Carlton,Seats - Indoor,25,144.965974373,-37.80449163,Other Cuisines
Mercadante Pizza,Carlton,Seats - Outdoor,30,144.966034229,-37.80408996,Italian
Universal Restaurant,Carlton,Seats - Indoor,150,144.966086487,-37.80384773,Other Cuisines
Mandina Kitchen,Carlton,Seats - Outdoor,20,144.966098423,-37.80378355,Other Cuisines
Cinta,Carlton,Seats - Indoor,40,144.963945272,-37.80276989,Other Cuisines
Lemuse,Carlton,Seats - Indoor,15,144.963909099,-37.80355391,Other Cuisines
Dan's Deli,Carlton,Seats - Indoor,10,144.962027353,-37.80421362,Other Cuisines
Dan's Deli,Carlton,Seats - Outdoor,16,144.962027353,-37.80421362,Other Cuisines
Adozen Adozen,Carlton,Seats - Outdoor,8,144.962784486,-37.80429344,Other Cuisines
Cafe Tre Sette,Carlton,Seats - Indoor,42,144.961699343,-37.80322367,Cafe / Coffee Shop
Cafe Tre Sette,Carlton,Seats - Outdoor,24,144.961699343,-37.80322367,Cafe / Coffee Shop
Amicus Espresso,Carlton,Seats - Indoor,12,144.960033983,-37.80240996,Cafe / Coffee Shop
Seven Seeds,Carlton,Seats - Outdoor,16,144.959127095,-37.8028778,Other Cuisines
Mr Bello,Carlton,Seats - Indoor,20,144.964279069,-37.80543863,Other Cuisines
Mr Bello,Carlton,Seats - Outdoor,24,144.964279069,-37.80543863,Other Cuisines
Woodside Green,Carlton,Seats - Outdoor,18,144.964446103,-37.80486182,Other Cuisines
Stories Of Nooool,Carlton,Seats - Indoor,90,144.963920625,-37.80493297,Other Cuisines
Osha Thai Carlton,Carlton,Seats - Indoor,14,144.96352823,-37.80483648,Thai
Boogie House Hotpot,Carlton,Seats - Outdoor,6,144.963330013,-37.8060084,Chinese
Coffee On Cardigan,Carlton,Seats - Indoor,20,144.963957764,-37.80593475,Cafe / Coffee Shop
Carlton Megabytes,Carlton,Seats - Outdoor,6,144.965526156,-37.80671734,Other Cuisines
Dr Dax Kitchen,Parkville,Seats - Indoor,100,144.961258672,-37.79738772,Other Cuisines
Cosmos Pizza,Parkville,Seats - Indoor,36,144.961258672,-37.79738772,Italian
Thyme Square,North Melbourne,Seats - Indoor,58,144.946696043,-37.79358681,Other Cuisines
The Humble Goat,North Melbourne,Seats - Indoor,15,144.938522996,-37.79589356,Other Cuisines
Palette,North Melbourne,Seats - Outdoor,8,144.94713843,-37.80252643,Other Cuisines
The Hot Poppy,North Melbourne,Seats - Outdoor,30,144.948970536,-37.80473151,Other Cuisines
Cielo Gelateria,North Melbourne,Seats - Indoor,28,144.949079409,-37.80430342,Other Cuisines
S & J Sushi Noodle Town,North Melbourne,Seats - Outdoor,24,144.948881736,-37.80430161,Japanese
S & J Sushi Noodle Town,North Melbourne,Seats - Indoor,20,144.948881736,-37.80430161,Japanese
Char Siu House,North Melbourne,Seats - Outdoor,12,144.949085065,-37.80412429,Other Cuisines
Fandango Cafe,North Melbourne,Seats - Indoor,16,144.949406198,-37.80260762,Cafe / Coffee Shop
Fandango Cafe,North Melbourne,Seats - Outdoor,12,144.949406198,-37.80260762,Cafe / Coffee Shop
Auction Rooms Cafe,North Melbourne,Seats - Outdoor,28,144.949460849,-37.8024571,Cafe / Coffee Shop
La Porchetta North Melbourne,North Melbourne,Seats - Indoor,130,144.950145426,-37.80496737,Other Cuisines
Code Black Howard Street,North Melbourne,Seats - Indoor,70,144.953673523,-37.80422555,Other Cuisines
Code Black Howard Street,North Melbourne,Seats - Outdoor,26,144.953673523,-37.80422555,Other Cuisines
Ample Cafe Bar,North Melbourne,Seats - Outdoor,8,144.953696037,-37.80409478,Cafe / Coffee Shop
Ample Cafe Bar,North Melbourne,Seats - Indoor,55,144.953696037,-37.80409478,Cafe / Coffee Shop
Le Toaster,North Melbourne,Seats - Outdoor,22,144.952776962,-37.80357227,Other Cuisines
Le Bajo,North Melbourne,Seats - Outdoor,24,144.954243272,-37.80509175,Other Cuisines
Sakedokoro Namara,North Melbourne,Seats - Indoor,40,144.954338535,-37.80537801,Other Cuisines
Eat All,North Melbourne,Seats - Indoor,50,144.956661895,-37.80444772,Other Cuisines
Classic Curry Company,North Melbourne,Seats - Indoor,30,144.958143026,-37.80439443,Indian
Little Ivy Tea And Coffee,North Melbourne,Seats - Outdoor,6,144.95601867,-37.80337398,Cafe / Coffee Shop
Affinity On Errol,North Melbourne,Seats - Indoor,35,144.950095564,-37.80223499,Other Cuisines
New Lanna Thai,North Melbourne,Seats - Indoor,60,144.954000416,-37.79936937,Thai
New Lanna Thai,North Melbourne,Seats - Outdoor,8,144.954000416,-37.79936937,Thai
Mum Mum Asian Street Food,North Melbourne,Seats - Indoor,42,144.954000416,-37.79936937,Other Cuisines
Guzman Y Gomez,North Melbourne,Seats - Indoor,30,144.953791933,-37.79930773,Mexican
Jaspresso,North Melbourne,Seats - Outdoor,20,144.952858592,-37.79856463,Other Cuisines
Jaspresso,North Melbourne,Seats - Indoor,30,144.952858592,-37.79856463,Other Cuisines
Misty Pot Korean Grill,West Melbourne (Residential),Seats - Indoor,20,144.942620969,-37.80605115,Korean
Hunters And Disciples,West Melbourne (Residential),Seats - Indoor,100,144.945352806,-37.8068965,Other Cuisines
Souvs On Spencer,West Melbourne (Residential),Seats - Indoor,28,144.944905055,-37.80643135,Other Cuisines
Butcher Shop Cafe,West Melbourne (Residential),Seats - Outdoor,8,144.945577948,-37.8080043,Cafe / Coffee Shop
Apollo Cafe,West Melbourne (Residential),Seats - Outdoor,20,144.946624618,-37.80784196,Cafe / Coffee Shop
The Kathmandu Cottage,West Melbourne (Residential),Seats - Outdoor,20,144.949792546,-37.80539371,Other Cuisines
Smile Thai Cuisine,West Melbourne (Residential),Seats - Outdoor,4,144.94963128,-37.80538852,Thai
B Cuz Coffee & Eatery,West Melbourne (Residential),Seats - Indoor,16,144.948632857,-37.80883464,Cafe / Coffee Shop
Taiwan Cafe Melbourne,West Melbourne (Residential),Seats - Indoor,20,144.949379147,-37.80844834,Cafe / Coffee Shop
Myth Cafe,West Melbourne (Residential),Seats - Outdoor,12,144.952572489,-37.80739774,Cafe / Coffee Shop
Myth Cafe,West Melbourne (Residential),Seats - Indoor,12,144.952572489,-37.80739774,Cafe / Coffee Shop
The Flour Melbourne,West Melbourne (Residential),Seats - Indoor,24,144.954768041,-37.8059984,Other Cuisines
Little Africa,West Melbourne (Residential),Seats - Outdoor,12,144.954044804,-37.80590009,Other Cuisines
Hello Jose,West Melbourne (Residential),Seats - Outdoor,40,144.955584299,-37.80619737,Other Cuisines
Korean BBQ Matzip,West Melbourne (Residential),Seats - Indoor,25,144.955603657,-37.80606639,Korean
Sanhe Congee,West Melbourne (Residential),Seats - Indoor,28,144.955442178,-37.80604868,Other Cuisines
My Bao Handmade Pastry,West Melbourne (Residential),Seats - Indoor,26,144.950604342,-37.80951681,Other Cuisines
Roslyn Thai Cafe,West Melbourne (Residential),Seats - Indoor,45,144.951685372,-37.80886049,Thai
Kensington Canteen,Kensington,Seats - Outdoor,12,144.93036435,-37.79956864,Other Cuisines
Grounded House,Kensington,Seats - Indoor,16,144.929445017,-37.79458129,Other Cuisines
Rick's Place,Kensington,Seats - Indoor,70,144.929242857,-37.79454041,Other Cuisines
Local Folk Cafe,Kensington,Seats - Outdoor,15,144.925609612,-37.79223674,Cafe / Coffee Shop
Rye Cafe,Kensington,Seats - Indoor,30,144.915521168,-37.78257295,Cafe / Coffee Shop
Pacinos Italian Restaurant,Kensington,Seats - Indoor,130,144.915521168,-37.78257295,Italian
George Street Cafe,East Melbourne,Seats - Indoor,30,144.988184298,-37.81575787,Cafe / Coffee Shop
George Street Cafe,East Melbourne,Seats - Outdoor,24,144.988184298,-37.81575787,Cafe / Coffee Shop
Geppetto Trattoria,East Melbourne,Seats - Outdoor,6,144.987427268,-37.81636296,Italian
Pokapoka Japanese Restaurant,East Melbourne,Seats - Indoor,30,144.987630039,-37.81638646,Japanese
Albert & Grey Cafe,East Melbourne,Seats - Indoor,60,144.984140646,-37.81104846,Cafe / Coffee Shop
Laurent Boulangerie Patisserie,East Melbourne,Seats - Outdoor,8,144.984834136,-37.81608793,Cafe / Coffee Shop
KereKere Green,East Melbourne,Seats - Outdoor,30,144.980455702,-37.81296163,Other Cuisines
Sir Osborn,East Melbourne,Seats - Outdoor,40,144.973522327,-37.80899046,Other Cuisines
Sir Osborn,East Melbourne,Seats - Indoor,85,144.973522327,-37.80899046,Other Cuisines
Cafe Ecco,East Melbourne,Seats - Indoor,200,144.973619012,-37.80849653,Cafe / Coffee Shop
East Side Story Bar + Cafe,East Melbourne,Seats - Outdoor,36,144.974887122,-37.80862592,Cafe / Coffee Shop
Victoria's Secret Bar & Cafe,East Melbourne,Seats - Outdoor,80,144.974276441,-37.80855929,Cafe / Coffee Shop
Basement Espresso,East Melbourne,Seats - Outdoor,8,144.977894549,-37.80895362,Cafe / Coffee Shop
Strangers Corridor,East Melbourne,Seats - Indoor,60,144.974119012,-37.81087579,Other Cuisines
Zouki on the Park,East Melbourne,Seats - Indoor,34,144.977340439,-37.81154318,Other Cuisines
Mr Tod,East Melbourne,Seats - Indoor,70,144.97574558,-37.81162321,Other Cuisines
Mugs Alley,East Melbourne,Seats - Outdoor,22,144.975927502,-37.81642072,Other Cuisines
Beddgood & Co,East Melbourne,Seats - Outdoor,9,144.979983698,-37.81680765,Other Cuisines
Gentleman George,Melbourne (Remainder),Seats - Indoor,50,144.976209572,-37.836275,Other Cuisines
Japan Inn Gourmet Sushi,Melbourne (Remainder),Seats - Outdoor,16,144.977193113,-37.83854242,Japanese
Japan Inn Gourmet Sushi,Melbourne (Remainder),Seats - Indoor,8,144.977193113,-37.83854242,Japanese
Moody Brew Coffee Bar,Melbourne (Remainder),Seats - Indoor,15,144.977193113,-37.83854242,Cafe / Coffee Shop
Shuji Sushi Chevron,Melbourne (Remainder),Seats - Outdoor,18,144.979819038,-37.8455379,Japanese
Rosco's @ Chevron,Melbourne (Remainder),Seats - Indoor,75,144.979819038,-37.8455379,Other Cuisines
Rosco's @ Chevron,Melbourne (Remainder),Seats - Outdoor,45,144.979819038,-37.8455379,Other Cuisines
Cafe Ella,Melbourne (Remainder),Seats - Indoor,87,144.980378149,-37.84685298,Cafe / Coffee Shop
A Treat of France,Southbank,Seats - Outdoor,10,144.959050704,-37.82730522,Other Cuisines
10 Hoff Cafe,Southbank,Seats - Outdoor,10,144.963565642,-37.82580013,Cafe / Coffee Shop
Cafe Godot,Southbank,Seats - Indoor,20,144.966071447,-37.82539902,Cafe / Coffee Shop
Miss Pearl Bar And Dining,Southbank,Seats - Indoor,110,144.967877726,-37.82413111,Western / Pub / Bistro
Miss Pearl Bar And Dining,Southbank,Seats - Outdoor,32,144.967877726,-37.82413111,Western / Pub / Bistro
8 Miles Cafe,Southbank,Seats - Outdoor,6,144.967969426,-37.82843322,Cafe / Coffee Shop
8 Miles Cafe,Southbank,Seats - Indoor,30,144.967969426,-37.82843322,Cafe / Coffee Shop
Human Beans,Southbank,Seats - Indoor,28,144.967466569,-37.83063263,Other Cuisines
Story So Far,Southbank,Seats - Outdoor,16,144.97021525,-37.82981139,Other Cuisines
Story So Far,Southbank,Seats - Indoor,16,144.97021525,-37.82981139,Other Cuisines
Humbaba,Southbank,Seats - Outdoor,24,144.969568044,-37.83002436,Other Cuisines
Queenie's Restaurant & Cafe,Southbank,Seats - Outdoor,30,144.96939214,-37.82956555,Cafe / Coffee Shop
Lionel Gell Lounge,Southbank,Seats - Outdoor,14,144.969319749,-37.82456191,Other Cuisines
Pawa Cafe & Bar,Southbank,Seats - Indoor,50,144.968224607,-37.82094494,Cafe / Coffee Shop
Sake Restaurant and Bar,Southbank,Seats - Indoor,130,144.968224607,-37.82094494,Western / Pub / Bistro
Sake Restaurant and Bar,Southbank,Seats - Outdoor,70,144.968224607,-37.82094494,Western / Pub / Bistro
Gallery Kitchen,Southbank,Seats - Indoor,120,144.968633818,-37.82281706,Other Cuisines
Garden Restaurant,Southbank,Seats - Indoor,160,144.968633818,-37.82281706,Other Cuisines
Melba Restaurant,Southbank,Seats - Indoor,220,144.966262253,-37.82066924,Other Cuisines
La Camera,Southbank,Seats - Indoor,230,144.966262253,-37.82066924,Other Cuisines
Yassas the Greek Way,Southbank,Seats - Indoor,80,144.966262253,-37.82066924,Greek
Waterfront (Southgate),Southbank,Seats - Indoor,192,144.966262253,-37.82066924,Other Cuisines
Pure South Kitchen,Southbank,Seats - Outdoor,20,144.966262253,-37.82066924,Other Cuisines
Miyako Japanese Cuisine & Teppanyaki,Southbank,Seats - Outdoor,40,144.966262253,-37.82066924,Japanese
Jarrah Restaurant & Bar,Southbank,Seats - Indoor,85,144.967114686,-37.82038776,Western / Pub / Bistro
Southside On St Kilda,Melbourne (Remainder),Seats - Indoor,64,144.977535477,-37.83909862,Other Cuisines
Commodity Cafe,Melbourne (Remainder),Seats - Indoor,70,144.977676928,-37.83949217,Cafe / Coffee Shop
In a Rush,Melbourne (Remainder),Seats - Outdoor,30,144.979362332,-37.8441033,Other Cuisines
Ai Sushi,Melbourne (Remainder),Seats - Indoor,28,144.979312384,-37.84459472,Japanese
Hooks At The Yarra,Docklands,Seats - Outdoor,60,144.947647139,-37.82461483,Other Cuisines
Sassone By The Riverside,Docklands,Seats - Outdoor,36,144.946355947,-37.82488025,Other Cuisines
The Espressonist,Docklands,Seats - Outdoor,70,144.943550585,-37.82438863,Cafe / Coffee Shop
Bolte Cafe & Kebab,Port Melbourne,Seats - Outdoor,24,144.930953536,-37.82210926,Middle Eastern
Lai Cafe,Port Melbourne,Seats - Indoor,20,144.925377505,-37.82304058,Cafe / Coffee Shop
Portside Deli,Port Melbourne,Seats - Outdoor,8,144.918786228,-37.82221049,Other Cuisines
24 Atoms,Port Melbourne,Seats - Indoor,34,144.920988022,-37.82600955,Other Cuisines
Red Rooster Westgate,Port Melbourne,Seats - Indoor,40,144.917194113,-37.82984781,Other Cuisines
Mr & Mrs Pickles,Port Melbourne,Seats - Indoor,16,144.910585822,-37.82634273,Other Cuisines
Sabre Cafe,Port Melbourne,Seats - Outdoor,22,144.906335906,-37.82797655,Cafe / Coffee Shop
Workshop Brothers,Southbank,Seats - Indoor,44,144.963338023,-37.82132921,Other Cuisines
Hopscotch,Southbank,Seats - Outdoor,200,144.963375778,-37.82092509,Other Cuisines
Soho Restaurant & Bar,Southbank,Seats - Outdoor,60,144.963375778,-37.82092509,Western / Pub / Bistro
Ludlow Bar & Dining Room,Southbank,Seats - Outdoor,100,144.963828622,-37.82082512,Western / Pub / Bistro
Ludlow Bar & Dining Room,Southbank,Seats - Indoor,300,144.963828622,-37.82082512,Western / Pub / Bistro
Asado Bar y Grill,Southbank,Seats - Outdoor,30,144.963828622,-37.82082512,Western / Pub / Bistro
Old Man Pho,Southbank,Seats - Outdoor,12,144.962891358,-37.82104029,Vietnamese
Left Bank Melbourne,Southbank,Seats - Outdoor,75,144.962891358,-37.82104029,Other Cuisines
BondStore Cafe,Southbank,Seats - Indoor,60,144.963874356,-37.82193588,Cafe / Coffee Shop
Frankie Walter Peta,Southbank,Seats - Indoor,15,144.962153946,-37.82167833,Other Cuisines
Crintis Southbank,Southbank,Seats - Indoor,380,144.962153946,-37.82167833,Other Cuisines
Blossom Espresso,Southbank,Seats - Indoor,26,144.962153946,-37.82167833,Cafe / Coffee Shop
Baci,Southbank,Seats - Outdoor,100,144.958660189,-37.82312164,Other Cuisines
SHO Noodles,Southbank,Seats - Indoor,200,144.958660189,-37.82312164,Other Cuisines
Merrywell Bar and Dining / Merrywell Burger Bar,Southbank,Seats - Indoor,80,144.958660189,-37.82312164,Western / Pub / Bistro
Lucky Chan's,Southbank,Seats - Outdoor,140,144.958660189,-37.82312164,Other Cuisines
Gradi @ Crown,Southbank,Seats - Indoor,200,144.958660189,-37.82312164,Other Cuisines
Ging Thai,Southbank,Seats - Outdoor,90,144.958660189,-37.82312164,Thai
Ging Thai,Southbank,Seats - Indoor,100,144.958660189,-37.82312164,Thai
Bistro Guillaume,Southbank,Seats - Outdoor,35,144.958660189,-37.82312164,Western / Pub / Bistro
The Atlantic Restaurant,Southbank,Seats - Indoor,180,144.958660189,-37.82312164,Other Cuisines
Studio Coffee,Southbank,Seats - Indoor,100,144.952378154,-37.82539976,Cafe / Coffee Shop
Melbourne Cellar Door,Southbank,Seats - Outdoor,60,144.952378154,-37.82539976,Other Cuisines
Mad Mex,Southbank,Seats - Indoor,28,144.952378154,-37.82539976,Mexican
Melbourne Cellar Door,Southbank,Seats - Indoor,250,144.952378154,-37.82539976,Other Cuisines
Common Man,Southbank,Seats - Outdoor,59,144.952378154,-37.82539976,Other Cuisines
Cafe Orr,Southbank,Seats - Outdoor,8,144.952378154,-37.82539976,Cafe / Coffee Shop
Cafe Orr,Southbank,Seats - Indoor,54,144.952378154,-37.82539976,Cafe / Coffee Shop
The General Assembly,Southbank,Seats - Outdoor,162,144.95033362,-37.82409302,Other Cuisines
Charlie Lovett,Southbank,Seats - Outdoor,20,144.95033362,-37.82409302,Other Cuisines
Meat Market South Wharf,Southbank,Seats - Outdoor,72,144.95033362,-37.82409302,Other Cuisines
BangPop,Southbank,Seats - Indoor,210,144.95033362,-37.82409302,Other Cuisines
KFC,Southbank,Seats - Indoor,75,144.958342688,-37.82559018,Other Cuisines
Mr Hive Kitchen & Bar,Southbank,Seats - Indoor,358,144.958342688,-37.82559018,Western / Pub / Bistro
McDonalds,Southbank,Seats - Indoor,75,144.958342688,-37.82559018,Other Cuisines
Mr Summit,Southbank,Seats - Indoor,19,144.962678206,-37.82425012,Other Cuisines
Olmate’s Southbank,Southbank,Seats - Indoor,10,144.965827262,-37.82280752,Other Cuisines
The Terrace,Melbourne (Remainder),Seats - Indoor,200,144.980372356,-37.83016975,Other Cuisines
Jardin Tan,Melbourne (Remainder),Seats - Outdoor,207,144.980372356,-37.83016975,Other Cuisines
Jardin Tan,Melbourne (Remainder),Seats - Indoor,81,144.980372356,-37.83016975,Other Cuisines
Matilda 159,South Yarra,Seats - Outdoor,20,144.981451767,-37.83428436,Other Cuisines
Botanical Hotel,South Yarra,Seats - Indoor,150,144.981699536,-37.83431735,Western / Pub / Bistro
Bacash,South Yarra,Seats - Indoor,100,144.981945066,-37.83430008,Other Cuisines
Domain Brasserie,South Yarra,Seats - Indoor,45,144.982036345,-37.83431435,Other Cuisines
Domain Brasserie,South Yarra,Seats - Outdoor,36,144.982036345,-37.83431435,Other Cuisines
Bistro Gitan,South Yarra,Seats - Outdoor,6,144.979309745,-37.83713808,Western / Pub / Bistro
Alf's Cafe,Melbourne (Remainder),Seats - Indoor,244,144.982663953,-37.84633593,Cafe / Coffee Shop
Alf's Cafe,Melbourne (Remainder),Seats - Outdoor,130,144.982663953,-37.84633593,Cafe / Coffee Shop
Cafe Alfretti,Melbourne (Remainder),Seats - Indoor,40,144.982663953,-37.84633593,Cafe / Coffee Shop
Tradeblock Cafe,Melbourne (Remainder),Seats - Indoor,30,144.981958874,-37.84971031,Cafe / Coffee Shop
Mornin Vietnam,Parkville,Seats - Indoor,35,144.958562594,-37.7849288,Vietnamese
Parkside,Parkville,Seats - Outdoor,48,144.958562594,-37.7849288,Other Cuisines
Cafe Piccolina,Parkville,Seats - Indoor,20,144.9556719,-37.79525038,Cafe / Coffee Shop
Sobo Japanese,Parkville,Seats - Indoor,44,144.956578445,-37.80009421,Japanese
Isabella,Parkville,Seats - Indoor,80,144.955040398,-37.79885182,Other Cuisines
Poplar's,Parkville,Seats - Outdoor,10,144.947935334,-37.77810275,Other Cuisines
Aruba @ MCRI,Parkville,Seats - Indoor,32,144.949547006,-37.79372054,Other Cuisines
Parkville Cafe / Chatime,Parkville,Seats - Indoor,100,144.949547006,-37.79372054,Cafe / Coffee Shop
Sandrock,Parkville,Seats - Indoor,42,144.949547006,-37.79372054,Other Cuisines
Lakeside Bistro And Function Centre,Parkville,Seats - Outdoor,240,144.951432112,-37.78427658,Western / Pub / Bistro
Gaylord Indian Restaurant,Docklands,Seats - Outdoor,50,144.954158694,-37.82020557,Indian
Code 3,Docklands,Seats - Indoor,30,144.950998069,-37.81379938,Other Cuisines
Potto,Docklands,Seats - Indoor,22,144.951186966,-37.81501701,Other Cuisines
Degani @ Southern Cross Station,Docklands,Seats - Indoor,45,144.951186966,-37.81501701,Other Cuisines
Hungry Jack's,Docklands,Seats - Indoor,52,144.951186966,-37.81501701,Other Cuisines
Schnitz,Docklands,Seats - Indoor,50,144.951186966,-37.81501701,Other Cuisines
Starbucks,Docklands,Seats - Indoor,53,144.951186966,-37.81501701,Cafe / Coffee Shop
My Koala Cafe,Docklands,Seats - Indoor,10,144.944961198,-37.81396231,Cafe / Coffee Shop
Bito Beans,Docklands,Seats - Indoor,10,144.944961198,-37.81396231,Other Cuisines
My Koala Restaurant And Bar,Docklands,Seats - Outdoor,19,144.944961198,-37.81396231,Western / Pub / Bistro
My Koala Cafe,Docklands,Seats - Outdoor,14,144.944961198,-37.81396231,Cafe / Coffee Shop
Coffee N All Customs House,Docklands,Seats - Indoor,54,144.945340212,-37.81453857,Cafe / Coffee Shop
Yummy Hut,Docklands,Seats - Indoor,20,144.947536811,-37.81486994,Other Cuisines
Ichimaki,Docklands,Seats - Outdoor,20,144.949373281,-37.81733573,Other Cuisines
Mr Grazier,Docklands,Seats - Indoor,140,144.949373281,-37.81733573,Other Cuisines
Origami Sushi & Noodles,Docklands,Seats - Outdoor,12,144.947217029,-37.81817241,Japanese
Capricho Grill,Docklands,Seats - Outdoor,30,144.947217029,-37.81817241,Western / Pub / Bistro
Eatful Dumplings,Docklands,Seats - Indoor,12,144.947217029,-37.81817241,Chinese
Eatful Dumplings,Docklands,Seats - Outdoor,12,144.947217029,-37.81817241,Chinese
Souperman Cafe and Kitchen,Docklands,Seats - Indoor,14,144.947217029,-37.81817241,Cafe / Coffee Shop
Souperman Cafe and Kitchen,Docklands,Seats - Outdoor,20,144.947217029,-37.81817241,Cafe / Coffee Shop
Focaccino,Docklands,Seats - Outdoor,22,144.949017581,-37.81792089,Other Cuisines
Chilli India,Docklands,Seats - Indoor,70,144.947975341,-37.81925128,Other Cuisines
Chilli India,Docklands,Seats - Outdoor,40,144.947975341,-37.81925128,Other Cuisines
Pizza Hut Docklands,Docklands,Seats - Indoor,43,144.947975341,-37.81925128,Italian
Kebab & Gozleme Cafe,Docklands,Seats - Outdoor,30,144.947975341,-37.81925128,Middle Eastern
Sunny's Deli,Docklands,Seats - Indoor,14,144.950258352,-37.81864991,Other Cuisines
Sunny's Deli,Docklands,Seats - Outdoor,16,144.950258352,-37.81864991,Other Cuisines
Sergy Boy,Docklands,Seats - Outdoor,58,144.951576469,-37.82019801,Other Cuisines
Home Vegan Bar,Docklands,Seats - Indoor,33,144.951576469,-37.82019801,Western / Pub / Bistro
Peddler Espresso,Docklands,Seats - Indoor,20,144.951576469,-37.82019801,Cafe / Coffee Shop
Platform 28,Docklands,Seats - Outdoor,90,144.949821292,-37.81921015,Other Cuisines
Platform 28,Docklands,Seats - Indoor,370,144.949821292,-37.81921015,Other Cuisines
Blended Beard,Docklands,Seats - Outdoor,19,144.943968986,-37.81927362,Other Cuisines
Squires Loft Dockland,Docklands,Seats - Indoor,96,144.943968986,-37.81927362,Other Cuisines
Squires Loft Dockland,Docklands,Seats - Outdoor,34,144.943968986,-37.81927362,Other Cuisines
Coffee Gauge,Docklands,Seats - Outdoor,16,144.944144701,-37.82029136,Cafe / Coffee Shop
D G Expresso,Docklands,Seats - Indoor,27,144.943459922,-37.82044557,Other Cuisines
Grain & Vine on Merchant,Docklands,Seats - Outdoor,30,144.943459922,-37.82044557,Other Cuisines
Shinsei Fish And Sushi,Docklands,Seats - Indoor,52,144.943459922,-37.82044557,Japanese
An Di Docklands,Docklands,Seats - Outdoor,30,144.943788121,-37.82092615,Other Cuisines
Teeny Tiny Cafe,Docklands,Seats - Indoor,24,144.943788121,-37.82092615,Cafe / Coffee Shop
Vintams Cafe,Docklands,Seats - Indoor,64,144.943788121,-37.82092615,Cafe / Coffee Shop
Pok Pok,Docklands,Seats - Indoor,90,144.945620861,-37.81974585,Other Cuisines
Caffe Bambino Docklands,Docklands,Seats - Outdoor,22,144.944683539,-37.81993674,Other Cuisines
Toss'D,Docklands,Seats - Outdoor,15,144.944683539,-37.81993674,Other Cuisines
Tsukino Snizuku,Docklands,Seats - Indoor,20,144.944683539,-37.81993674,Other Cuisines
Caffe Esc,Docklands,Seats - Outdoor,27,144.945764329,-37.82205735,Other Cuisines
In A Rush Espresso,Docklands,Seats - Outdoor,54,144.945764329,-37.82205735,Cafe / Coffee Shop
Charlie bit me,Docklands,Seats - Indoor,33,144.945046845,-37.82100111,Other Cuisines
Chia Chia,Docklands,Seats - Indoor,44,144.945046845,-37.82100111,Other Cuisines
Saluministi,Docklands,Seats - Outdoor,12,144.941406774,-37.82007613,Other Cuisines
Cafenatics Forte,Docklands,Seats - Outdoor,16,144.945066127,-37.81970478,Cafe / Coffee Shop
Sher Singh,Docklands,Seats - Indoor,84,144.945066127,-37.81970478,Other Cuisines
Billy Barista,Docklands,Seats - Indoor,16,144.94250585,-37.82059451,Western / Pub / Bistro
Chilangos Mexican Cantina Docklands,Docklands,Seats - Indoor,59,144.943933222,-37.82163103,Mexican
Renzo's Bar Cafe Italiano,Docklands,Seats - Indoor,90,144.941261396,-37.81460532,Italian
Bhoj On Docklands,Docklands,Seats - Outdoor,80,144.941261396,-37.81460532,Other Cuisines
Achelya Cafe & Kebab Restaurant,Docklands,Seats - Indoor,100,144.942139035,-37.81434524,Middle Eastern
Karizma,Docklands,Seats - Indoor,120,144.942139035,-37.81434524,Other Cuisines
Karizma,Docklands,Seats - Outdoor,60,144.942139035,-37.81434524,Other Cuisines
Berth,Docklands,Seats - Indoor,190,144.941842104,-37.81515588,Other Cuisines
Cargo,Docklands,Seats - Indoor,80,144.941405106,-37.8153411,Other Cuisines
Cargo,Docklands,Seats - Outdoor,200,144.941405106,-37.8153411,Other Cuisines
Docklands Lotus Restaurant,Docklands,Seats - Outdoor,30,144.943683537,-37.81389099,Other Cuisines
Newquay Buffet and Bar,Docklands,Seats - Indoor,130,144.943683537,-37.81389099,Western / Pub / Bistro
Newquay Buffet and Bar,Docklands,Seats - Outdoor,68,144.943683537,-37.81389099,Western / Pub / Bistro
The Sri Lounge,Docklands,Seats - Outdoor,80,144.93905572,-37.81518961,Other Cuisines
Aim Thai,Docklands,Seats - Indoor,36,144.940199413,-37.81427742,Thai
Capri Cafe & Lounge,Docklands,Seats - Indoor,70,144.942989624,-37.81354365,Cafe / Coffee Shop
China Bar Docklands,Docklands,Seats - Indoor,70,144.939410985,-37.81220918,Chinese
Dohtonbori,Docklands,Seats - Outdoor,18,144.937857365,-37.8131707,Other Cuisines
Gozleme King,Docklands,Seats - Indoor,26,144.937857365,-37.8131707,Other Cuisines
Hana Sushi,Docklands,Seats - Indoor,10,144.937857365,-37.8131707,Japanese
Old Man Pho,Docklands,Seats - Outdoor,36,144.937857365,-37.8131707,Vietnamese
Igloo Cafe & St Moritz Bar,Docklands,Seats - Indoor,80,144.935632097,-37.81223228,Cafe / Coffee Shop
Cafe Bourgeois,Docklands,Seats - Outdoor,16,144.941196687,-37.81308482,Cafe / Coffee Shop
Yassas,Docklands,Seats - Outdoor,60,144.93675199,-37.81174852,Other Cuisines
Fukutontei Ramen,Docklands,Seats - Outdoor,36,144.93675199,-37.81174852,Japanese
Fukutontei Ramen,Docklands,Seats - Indoor,56,144.93675199,-37.81174852,Japanese
Bababoi,Docklands,Seats - Outdoor,16,144.952548545,-37.82290352,Other Cuisines
Perso,Docklands,Seats - Outdoor,24,144.952548545,-37.82290352,Other Cuisines
Them Authentic Vietnamese Cuisine & Rolls,Docklands,Seats - Outdoor,34,144.952548545,-37.82290352,Vietnamese
Hanoi Square,Docklands,Seats - Indoor,22,144.952548545,-37.82290352,Vietnamese
URBAN FOODIES PTY LTD,North Melbourne,Seats - Indoor,28,144.937871966,-37.79165579,Other Cuisines
Mr Tucker,North Melbourne,Seats - Indoor,40,144.941402664,-37.79501722,Other Cuisines
The Premises Espresso,Kensington,Seats - Indoor,70,144.93017684,-37.79426147,Cafe / Coffee Shop
The Premises Espresso,Kensington,Seats - Outdoor,16,144.93017684,-37.79426147,Cafe / Coffee Shop
Fruits Of Passion,Kensington,Seats - Outdoor,33,144.92999321,-37.79392952,Other Cuisines
White Rabbit Record Bar,Kensington,Seats - Outdoor,41,144.929934732,-37.7936563,Western / Pub / Bistro
White Rabbit Record Bar,Kensington,Seats - Indoor,35,144.929934732,-37.7936563,Western / Pub / Bistro
La Galeria Cafe And Tapas,Kensington,Seats - Indoor,16,144.929929238,-37.79360999,Cafe / Coffee Shop
Pimm Thai Cafe,Kensington,Seats - Indoor,22,144.929915372,-37.79353782,Thai
Luncheonette Cafe,Kensington,Seats - Outdoor,8,144.931113097,-37.79436218,Cafe / Coffee Shop
Food Hall,Melbourne (CBD),Seats - Indoor,28,144.956518441,-37.82099397,Other Cuisines
Fatboys Phillys,Melbourne (CBD),Seats - Indoor,36,144.956518441,-37.82099397,Other Cuisines
Arbory Bar and Eatery / Afloat,Melbourne (CBD),Seats - Outdoor,375,144.965469605,-37.81866337,Western / Pub / Bistro
Pilgrim Bar,Melbourne (CBD),Seats - Indoor,40,144.968934898,-37.81865919,Western / Pub / Bistro
Pilgrim Bar,Melbourne (CBD),Seats - Outdoor,130,144.968934898,-37.81865919,Western / Pub / Bistro
Chocolate Buddha,Melbourne (CBD),Seats - Outdoor,80,144.969917465,-37.81784465,Other Cuisines
NGV Cafe,Melbourne (CBD),Seats - Indoor,80,144.969917465,-37.81784465,Cafe / Coffee Shop
Time Out Fed Square,Melbourne (CBD),Seats - Indoor,60,144.969917465,-37.81784465,Other Cuisines
Time Out Fed Square,Melbourne (CBD),Seats - Outdoor,140,144.969917465,-37.81784465,Other Cuisines
Big Esso,Melbourne (CBD),Seats - Indoor,65,144.969917465,-37.81784465,Other Cuisines
Victoria By Farmers Daughters,Melbourne (CBD),Seats - Outdoor,50,144.969917465,-37.81784465,Other Cuisines
Chop N Chop,Melbourne (CBD),Seats - Indoor,86,144.956601666,-37.81988483,Other Cuisines
Chop N Chop,Melbourne (CBD),Seats - Outdoor,2,144.956601666,-37.81988483,Other Cuisines
The Hardware Societe,Melbourne (CBD),Seats - Indoor,70,144.956601666,-37.81988483,Other Cuisines
Izakaya Hosaku,Melbourne (CBD),Seats - Indoor,34,144.956435223,-37.82024711,Japanese
Riverside Deli & Coffee House,Melbourne (CBD),Seats - Outdoor,12,144.958272108,-37.81974183,Cafe / Coffee Shop
Tavistock House Cafe,Melbourne (CBD),Seats - Indoor,35,144.961389009,-37.81825093,Cafe / Coffee Shop
The Trust,Melbourne (CBD),Seats - Indoor,537,144.960420557,-37.81864584,Other Cuisines
The Trust,Melbourne (CBD),Seats - Outdoor,40,144.960420557,-37.81864584,Other Cuisines
Ototo / Akai Ito,Melbourne (CBD),Seats - Indoor,170,144.962854858,-37.81789895,Other Cuisines
Cm & Co Coffee Roasters,Melbourne (CBD),Seats - Indoor,36,144.962437455,-37.81798973,Cafe / Coffee Shop
Maha Restaurant,Melbourne (CBD),Seats - Indoor,80,144.962529829,-37.81819275,Other Cuisines
KFC,Melbourne (CBD),Seats - Indoor,28,144.964881593,-37.81729894,Other Cuisines
Roule Galette,Melbourne (CBD),Seats - Outdoor,12,144.966302712,-37.81685974,Other Cuisines
Dukes Coffee Roasters,Melbourne (CBD),Seats - Indoor,18,144.966170616,-37.81699341,Cafe / Coffee Shop
Mock Turtle Degraves,Melbourne (CBD),Seats - Indoor,17,144.965902771,-37.81706291,Other Cuisines
Degraves Espresso Melbourne,Melbourne (CBD),Seats - Outdoor,35,144.965484351,-37.81710105,Cafe / Coffee Shop
The Quarter,Melbourne (CBD),Seats - Indoor,45,144.965484351,-37.81710105,Other Cuisines
The Quarter,Melbourne (CBD),Seats - Outdoor,28,144.965484351,-37.81710105,Other Cuisines
Grill'd,Melbourne (CBD),Seats - Outdoor,48,144.965626331,-37.8176078,Western / Pub / Bistro
Nomad,Melbourne (CBD),Seats - Indoor,130,144.96837507,-37.81635789,Other Cuisines
New York Minute,Melbourne (CBD),Seats - Indoor,58,144.96908618,-37.81670922,Other Cuisines
Vacation Cafe,Melbourne (CBD),Seats - Indoor,23,144.97204113,-37.81584246,Cafe / Coffee Shop
Grill'd,Melbourne (CBD),Seats - Indoor,60,144.971726206,-37.81546152,Western / Pub / Bistro
Tazio,Melbourne (CBD),Seats - Outdoor,20,144.971222799,-37.81543505,Other Cuisines
Cafe Kinetic,Melbourne (CBD),Seats - Indoor,115,144.970964282,-37.81556733,Cafe / Coffee Shop
Bullrun on Bourke,Melbourne (CBD),Seats - Indoor,110,144.970834339,-37.81560645,Other Cuisines
Chin Chin Restaurant,Melbourne (CBD),Seats - Outdoor,35,144.970399793,-37.81568875,Other Cuisines
Pastuso,Melbourne (CBD),Seats - Outdoor,8,144.971154413,-37.81600001,Other Cuisines
Bowery To Williamsburg,Melbourne (CBD),Seats - Outdoor,20,144.970291127,-37.8161284,Other Cuisines
Fonda Flinders Lane,Melbourne (CBD),Seats - Indoor,180,144.9732924,-37.81489475,Other Cuisines
Cumulus Inc,Melbourne (CBD),Seats - Indoor,141,144.97313454,-37.81494022,Other Cuisines
Cecconi's Flinders Lane,Melbourne (CBD),Seats - Indoor,180,144.972512283,-37.81506474,Other Cuisines
The Print Room Cafe,Melbourne (CBD),Seats - Indoor,80,144.972720907,-37.8154618,Cafe / Coffee Shop
Chilli Everest,Melbourne (CBD),Seats - Indoor,70,144.955210528,-37.81936788,Other Cuisines
Palm Sugar Thai Cafe,Melbourne (CBD),Seats - Indoor,60,144.955210528,-37.81936788,Thai
Palm Sugar Thai Cafe,Melbourne (CBD),Seats - Outdoor,8,144.955210528,-37.81936788,Thai
Restaurant 1903,Melbourne (CBD),Seats - Indoor,65,144.954883047,-37.81970047,Other Cuisines
Poked,Melbourne (CBD),Seats - Indoor,21,144.955727469,-37.81902044,Other Cuisines
Pho Nom,Melbourne (CBD),Seats - Indoor,20,144.955727469,-37.81902044,Vietnamese
Namoo Japanese Cafe,Melbourne (CBD),Seats - Outdoor,48,144.955727469,-37.81902044,Japanese
Schmucks Bagels,Melbourne (CBD),Seats - Outdoor,33,144.955727469,-37.81902044,Other Cuisines
Benny's Bakery Cafe,Melbourne (CBD),Seats - Indoor,15,144.955727469,-37.81902044,Cafe / Coffee Shop
Benny's Bakery Cafe,Melbourne (CBD),Seats - Outdoor,21,144.955727469,-37.81902044,Cafe / Coffee Shop
Poked,Melbourne (CBD),Seats - Outdoor,16,144.955727469,-37.81902044,Other Cuisines
Pho Nom,Melbourne (CBD),Seats - Outdoor,20,144.955727469,-37.81902044,Vietnamese
Two Pillars Espresso,Melbourne (CBD),Seats - Indoor,46,144.958548349,-37.8184145,Cafe / Coffee Shop
Sagas World,Melbourne (CBD),Seats - Indoor,16,144.958548349,-37.8184145,Other Cuisines
Greta,Melbourne (CBD),Seats - Outdoor,28,144.958548349,-37.8184145,Other Cuisines
Alluvial Restaurant,Melbourne (CBD),Seats - Indoor,110,144.958118475,-37.81853877,Other Cuisines
Rare Steakhouse Downtown,Melbourne (CBD),Seats - Indoor,120,144.957322132,-37.81918367,Cafe / Coffee Shop
@  Cafe 45,Melbourne (CBD),Seats - Outdoor,20,144.959122077,-37.81858017,Cafe / Coffee Shop
Natural History Bar & Grill,Melbourne (CBD),Seats - Indoor,150,144.961222873,-37.81739636,Western / Pub / Bistro
Culprit,Melbourne (CBD),Seats - Indoor,30,144.959868643,-37.8180082,Other Cuisines
First Love Coffee Collins St,Melbourne (CBD),Seats - Indoor,7,144.959868643,-37.8180082,Cafe / Coffee Shop
Strozzi Restaurant,Melbourne (CBD),Seats - Outdoor,32,144.963253733,-37.81706704,Other Cuisines
Tian38,Melbourne (CBD),Seats - Indoor,80,144.96244181,-37.81728432,Other Cuisines
Big Aussie Burger,Melbourne (CBD),Seats - Indoor,27,144.962188519,-37.81758572,Western / Pub / Bistro
Roxy Kitchen And Bar,Melbourne (CBD),Seats - Indoor,136,144.963649766,-37.81686635,Western / Pub / Bistro
Pantry Thai Fusion,Melbourne (CBD),Seats - Indoor,22,144.963897021,-37.81719967,Thai
Eliana Lulu,Melbourne (CBD),Seats - Indoor,72,144.965474376,-37.81664468,Other Cuisines
Ojika Japanese,Melbourne (CBD),Seats - Indoor,18,144.965596537,-37.8166033,Japanese
Cafe Issus,Melbourne (CBD),Seats - Outdoor,12,144.965596537,-37.8166033,Cafe / Coffee Shop
Eurolane Cafe,Melbourne (CBD),Seats - Indoor,32,144.965596537,-37.8166033,Cafe / Coffee Shop
Maccaroni Trattoria Italiana,Melbourne (CBD),Seats - Indoor,60,144.966088099,-37.81602805,Italian
Maccaroni Trattoria Italiana,Melbourne (CBD),Seats - Outdoor,20,144.966088099,-37.81602805,Italian
Hazel Melbourne,Melbourne (CBD),Seats - Indoor,150,144.968755295,-37.81543178,Other Cuisines
Allegro Restaurant,Melbourne (CBD),Seats - Indoor,75,144.967430346,-37.81584777,Other Cuisines
Grill Americano,Melbourne (CBD),Seats - Indoor,128,144.970749785,-37.81492031,Western / Pub / Bistro
Il Solito Posto,Melbourne (CBD),Seats - Indoor,70,144.970259785,-37.81468591,Italian
Philippe,Melbourne (CBD),Seats - Indoor,80,144.970007274,-37.81473508,Other Cuisines
Howitt House,Melbourne (CBD),Seats - Indoor,28,144.973720068,-37.81372701,Other Cuisines
Asian Pavilion,Melbourne (CBD),Seats - Indoor,14,144.972628037,-37.81430615,Other Cuisines
Southern Xross Kebabs,Melbourne (CBD),Seats - Indoor,20,144.954350485,-37.81867544,Middle Eastern
Ela Cafe,Melbourne (CBD),Seats - Indoor,16,144.955443941,-37.81787118,Cafe / Coffee Shop
Brim CC,Melbourne (CBD),Seats - Outdoor,12,144.954905366,-37.81802782,Other Cuisines
Spicy Korea,Melbourne (CBD),Seats - Outdoor,12,144.954905366,-37.81802782,Other Cuisines
Scooter,Melbourne (CBD),Seats - Indoor,24,144.954365839,-37.81818484,Other Cuisines
Pho Nung,Melbourne (CBD),Seats - Indoor,28,144.956834754,-37.81767359,Vietnamese
Undercover Roasters,Melbourne (CBD),Seats - Indoor,20,144.956834754,-37.81767359,Cafe / Coffee Shop
Dreami Cake,Melbourne (CBD),Seats - Outdoor,10,144.957473189,-37.81753383,Other Cuisines
Kantina Kartel,Melbourne (CBD),Seats - Outdoor,20,144.957473189,-37.81753383,Other Cuisines
Treviso,Melbourne (CBD),Seats - Indoor,85,144.960642239,-37.81669009,Other Cuisines
Treviso,Melbourne (CBD),Seats - Outdoor,26,144.960642239,-37.81669009,Other Cuisines
Uncle Noodle,Melbourne (CBD),Seats - Indoor,20,144.96031189,-37.8169991,Other Cuisines
Little Brother Kitchen & Bar,Melbourne (CBD),Seats - Indoor,68,144.960451922,-37.8162783,Western / Pub / Bistro
Dikstein's Corner Bar,Melbourne (CBD),Seats - Indoor,66,144.960341264,-37.81631093,Western / Pub / Bistro
Intimo,Melbourne (CBD),Seats - Outdoor,16,144.960085861,-37.81638558,Other Cuisines
Otherside Coffee,Melbourne (CBD),Seats - Outdoor,20,144.960085861,-37.81638558,Cafe / Coffee Shop
Terrace Deli,Melbourne (CBD),Seats - Indoor,82,144.959550019,-37.81660734,Other Cuisines
Aki Sushi,Melbourne (CBD),Seats - Indoor,70,144.960847599,-37.81614776,Japanese
Reine & La Rue,Melbourne (CBD),Seats - Outdoor,29,144.961718566,-37.81629382,Other Cuisines
A25 Pizzeria Centro,Melbourne (CBD),Seats - Indoor,54,144.961718566,-37.81629382,Italian
Rustica,Melbourne (CBD),Seats - Indoor,70,144.961718566,-37.81629382,Other Cuisines
Makan,Melbourne (CBD),Seats - Indoor,80,144.962184393,-37.81615528,Other Cuisines
Earl Canteen 360 Collins,Melbourne (CBD),Seats - Indoor,33,144.962184393,-37.81615528,Other Cuisines
Earl Canteen 360 Collins,Melbourne (CBD),Seats - Outdoor,10,144.962184393,-37.81615528,Other Cuisines
East Side Story,Melbourne (CBD),Seats - Indoor,44,144.962688973,-37.81601764,Other Cuisines
Industry Beans Lt Collins,Melbourne (CBD),Seats - Outdoor,9,144.963293794,-37.81554941,Other Cuisines
Blahnik Corporate Catering,Melbourne (CBD),Seats - Outdoor,24,144.963293794,-37.81554941,Other Cuisines
The Workers Foodroom,Melbourne (CBD),Seats - Outdoor,16,144.963293794,-37.81554941,Other Cuisines
Sulhwa,Melbourne (CBD),Seats - Outdoor,6,144.963293794,-37.81554941,Other Cuisines
Ilza,Melbourne (CBD),Seats - Indoor,16,144.962984348,-37.81570426,Other Cuisines
Sambar Restaurant,Melbourne (CBD),Seats - Indoor,28,144.962984348,-37.81570426,Western / Pub / Bistro
Vespa Rossa,Melbourne (CBD),Seats - Outdoor,14,144.964466115,-37.81529155,Other Cuisines
The Tea Rooms 1892,Melbourne (CBD),Seats - Indoor,50,144.964428319,-37.81561893,Cafe / Coffee Shop
The Tea Rooms 1892,Melbourne (CBD),Seats - Outdoor,24,144.964428319,-37.81561893,Cafe / Coffee Shop
Little Collins Melbourne,Melbourne (CBD),Seats - Indoor,70,144.964225403,-37.81528948,Other Cuisines
Little Collins Melbourne,Melbourne (CBD),Seats - Outdoor,20,144.964225403,-37.81528948,Other Cuisines
Starbucks,Melbourne (CBD),Seats - Indoor,16,144.965777332,-37.81507697,Cafe / Coffee Shop
Kim Sing Restaurant,Melbourne (CBD),Seats - Indoor,32,144.965777332,-37.81507697,Other Cuisines
Delhi Rocks,Melbourne (CBD),Seats - Indoor,100,144.965885145,-37.81482941,Other Cuisines
Bistrot d'Orsay,Melbourne (CBD),Seats - Outdoor,12,144.967277747,-37.81485585,Western / Pub / Bistro
Teppanyaki Inn,Melbourne (CBD),Seats - Indoor,70,144.967453704,-37.81479918,Japanese
Meatmaiden,Melbourne (CBD),Seats - Indoor,100,144.967847532,-37.81450301,Other Cuisines
Yakimono,Melbourne (CBD),Seats - Outdoor,87,144.970722603,-37.81360963,Other Cuisines
Yakimono,Melbourne (CBD),Seats - Indoor,252,144.970722603,-37.81360963,Other Cuisines
Maverick Coffee And Food,Melbourne (CBD),Seats - Indoor,50,144.970722603,-37.81360963,Cafe / Coffee Shop
Bowls Baby,Melbourne (CBD),Seats - Indoor,3,144.970722603,-37.81360963,Other Cuisines
Harry's Jungle,Melbourne (CBD),Seats - Indoor,200,144.969767558,-37.8136886,Other Cuisines
St Ali Canteen,Melbourne (CBD),Seats - Outdoor,14,144.972472392,-37.81346244,Other Cuisines
Market Lane Coffee,Melbourne (CBD),Seats - Indoor,34,144.973257507,-37.81314231,Cafe / Coffee Shop
With Gusto Regional Store,Melbourne (CBD),Seats - Indoor,56,144.972706442,-37.8129051,Other Cuisines
Lupino,Melbourne (CBD),Seats - Indoor,60,144.972393222,-37.81279876,Other Cuisines
Rare Steakhouse,Melbourne (CBD),Seats - Indoor,110,144.971695294,-37.81309819,Cafe / Coffee Shop
N Lee Bakery And Cafe,Melbourne (CBD),Seats - Indoor,18,144.971695294,-37.81309819,Cafe / Coffee Shop
Warkop CBD,Melbourne (CBD),Seats - Indoor,14,144.973183613,-37.81260038,Other Cuisines
Onigiri Kitchen And Sake Bar,Melbourne (CBD),Seats - Outdoor,12,144.973183613,-37.81260038,Western / Pub / Bistro
Onigiri Kitchen And Sake Bar,Melbourne (CBD),Seats - Indoor,14,144.973183613,-37.81260038,Western / Pub / Bistro
Spin Coffee,Melbourne (CBD),Seats - Indoor,25,144.955552859,-37.81677365,Cafe / Coffee Shop
Miss Mi,Melbourne (CBD),Seats - Indoor,50,144.953751967,-37.81738969,Other Cuisines
Doughboys Doughnuts,Melbourne (CBD),Seats - Indoor,12,144.957813206,-37.81636534,Other Cuisines
Pok Pok Junior,Melbourne (CBD),Seats - Indoor,50,144.957813206,-37.81636534,Other Cuisines
Pok Pok Junior,Melbourne (CBD),Seats - Outdoor,40,144.957813206,-37.81636534,Other Cuisines
Axil Coffee Roasters,Melbourne (CBD),Seats - Indoor,80,144.957017939,-37.81647428,Italian
Fiord,Melbourne (CBD),Seats - Indoor,16,144.956773974,-37.81695942,Other Cuisines
Aroma Restaurant,Melbourne (CBD),Seats - Indoor,40,144.956773974,-37.81695942,Other Cuisines
Five Points Cafe,Melbourne (CBD),Seats - Outdoor,12,144.956773974,-37.81695942,Cafe / Coffee Shop
Five Points Cafe,Melbourne (CBD),Seats - Indoor,14,144.956773974,-37.81695942,Cafe / Coffee Shop
Cafe Felice,Melbourne (CBD),Seats - Indoor,14,144.96018858,-37.81547268,Cafe / Coffee Shop
Cafe Felice,Melbourne (CBD),Seats - Outdoor,40,144.96018858,-37.81547268,Cafe / Coffee Shop
LE SHOPPE,Melbourne (CBD),Seats - Outdoor,15,144.960110059,-37.81596878,Other Cuisines
Red Spice Road,Melbourne (CBD),Seats - Indoor,300,144.960540869,-37.81549904,Other Cuisines
Zuppa,Melbourne (CBD),Seats - Indoor,22,144.958939222,-37.81595642,Other Cuisines
Axil Coffee Roasters,Melbourne (CBD),Seats - Outdoor,10,144.962944195,-37.81491502,Italian
Le Yeahllow,Melbourne (CBD),Seats - Indoor,18,144.962207824,-37.81510975,Other Cuisines
Lakhey Resto & Bar,Melbourne (CBD),Seats - Indoor,40,144.961530561,-37.81556194,Western / Pub / Bistro
Oriental Tea House,Melbourne (CBD),Seats - Outdoor,12,144.962020616,-37.81551671,Cafe / Coffee Shop
Trattoria Emilia,Melbourne (CBD),Seats - Indoor,75,144.962638812,-37.81528248,Italian
Guhng The Palace,Melbourne (CBD),Seats - Indoor,40,144.961620956,-37.81534186,Other Cuisines
Vapiano Bourke Street Mall,Melbourne (CBD),Seats - Indoor,253,144.965407423,-37.81386024,Other Cuisines
Aru Melbourne,Melbourne (CBD),Seats - Indoor,110,144.965235638,-37.81423669,Other Cuisines
Gordons Cafe and Bar,Melbourne (CBD),Seats - Indoor,30,144.964348552,-37.81473293,Cafe / Coffee Shop
Rozzi's,Melbourne (CBD),Seats - Indoor,187,144.965582724,-37.81407743,Other Cuisines
8848 Momo House,Melbourne (CBD),Seats - Indoor,45,144.96776365,-37.81316936,Other Cuisines
Parcs,Melbourne (CBD),Seats - Indoor,25,144.96715672,-37.81384227,Other Cuisines
Marameo,Melbourne (CBD),Seats - Indoor,65,144.967580615,-37.81390779,Other Cuisines
Dohtonbori,Melbourne (CBD),Seats - Indoor,24,144.968972072,-37.81280567,Other Cuisines
Nana Thai Style Hotpot & Bbq,Melbourne (CBD),Seats - Indoor,63,144.968563153,-37.81294598,Chinese
Thai Tide,Melbourne (CBD),Seats - Indoor,100,144.96849715,-37.81296416,Thai
Taco Bill Mexican Restaurant,Melbourne (CBD),Seats - Indoor,50,144.96841676,-37.81298798,Mexican
Oli & Levi,Melbourne (CBD),Seats - Indoor,15,144.969254282,-37.81302823,Other Cuisines
Axil Coffee Roasters,Melbourne (CBD),Seats - Outdoor,12,144.970109211,-37.81281453,Italian
Urban Deli,Melbourne (CBD),Seats - Outdoor,100,144.970109211,-37.81281453,Other Cuisines
Urban Deli,Melbourne (CBD),Seats - Indoor,100,144.970109211,-37.81281453,Other Cuisines
Mad Mex,Melbourne (CBD),Seats - Outdoor,18,144.970109211,-37.81281453,Mexican
Sushi-Ya,Melbourne (CBD),Seats - Outdoor,24,144.970109211,-37.81281453,Japanese
Postal Hall,Melbourne (CBD),Seats - Outdoor,15,144.968975222,-37.81350285,Other Cuisines
Lane's Edge Cafe,Melbourne (CBD),Seats - Outdoor,82,144.97204722,-37.81193572,Cafe / Coffee Shop
Fancy Hank's / Good Heavens,Melbourne (CBD),Seats - Indoor,96,144.97104042,-37.81217956,Other Cuisines
Nando's Bourke Street,Melbourne (CBD),Seats - Indoor,110,144.97104042,-37.81217956,Other Cuisines
Springrock,Melbourne (CBD),Seats - Indoor,105,144.970902899,-37.812234,Other Cuisines
Antara 128,Melbourne (CBD),Seats - Indoor,80,144.971175434,-37.81257803,Other Cuisines
Soi 38,Melbourne (CBD),Seats - Indoor,168,144.971918925,-37.81246632,Other Cuisines
Chai 'N' Chilli,Melbourne (CBD),Seats - Indoor,25,144.955174248,-37.81589843,Other Cuisines
King Jons,Melbourne (CBD),Seats - Outdoor,6,144.955149184,-37.81584127,Other Cuisines
Yankees Burger Bar,Melbourne (CBD),Seats - Indoor,100,144.955124838,-37.81579101,Western / Pub / Bistro
Ssam Korean Bbq,Melbourne (CBD),Seats - Indoor,110,144.95508151,-37.81569596,Korean
filly and fair,Melbourne (CBD),Seats - Outdoor,80,144.95610726,-37.81571392,Other Cuisines
Nando's Bourke Place,Melbourne (CBD),Seats - Outdoor,39,144.95610726,-37.81571392,Other Cuisines
Slate Restaurant Bar,Melbourne (CBD),Seats - Indoor,80,144.957392295,-37.81531863,Western / Pub / Bistro
Finch Espresso,Melbourne (CBD),Seats - Indoor,28,144.957392295,-37.81531863,Cafe / Coffee Shop
Chilangos,Melbourne (CBD),Seats - Indoor,26,144.957392295,-37.81531863,Other Cuisines
Sakae,Melbourne (CBD),Seats - Indoor,20,144.957392295,-37.81531863,Other Cuisines
Roll'D CBW,Melbourne (CBD),Seats - Outdoor,30,144.957392295,-37.81531863,Other Cuisines
Dumpling Kingdom,Melbourne (CBD),Seats - Outdoor,18,144.957392295,-37.81531863,Chinese
Bluestones 520 Cafe,Melbourne (CBD),Seats - Indoor,70,144.958386484,-37.81527349,Cafe / Coffee Shop
MoVida Aqui,Melbourne (CBD),Seats - Indoor,100,144.95876067,-37.81494883,Other Cuisines
Rosa's Canteen,Melbourne (CBD),Seats - Indoor,50,144.95876067,-37.81494883,Other Cuisines
Villas Restaurant & Bar,Melbourne (CBD),Seats - Outdoor,8,144.959196898,-37.81499761,Western / Pub / Bistro
B & Baguette Cafe,Melbourne (CBD),Seats - Indoor,16,144.959379419,-37.8150902,Cafe / Coffee Shop
CBD Bakery,Melbourne (CBD),Seats - Outdoor,10,144.95946409,-37.81506553,Cafe / Coffee Shop
Korchi City,Melbourne (CBD),Seats - Indoor,60,144.959659009,-37.81430686,Other Cuisines
Alibi Urban Gastropub,Melbourne (CBD),Seats - Outdoor,12,144.959044223,-37.81456798,Western / Pub / Bistro
Subway,Melbourne (CBD),Seats - Indoor,30,144.960224297,-37.81467989,Other Cuisines
Bailey Espresso Bar,Melbourne (CBD),Seats - Indoor,24,144.959985646,-37.81452036,Cafe / Coffee Shop
Corner & Bench,Melbourne (CBD),Seats - Outdoor,40,144.961491987,-37.8144361,Other Cuisines
McDonald's Bourke St West,Melbourne (CBD),Seats - Indoor,120,144.961756204,-37.81416355,Other Cuisines
The Cupcake Queens,Melbourne (CBD),Seats - Indoor,6,144.961756204,-37.81416355,Other Cuisines
The Cupcake Queens,Melbourne (CBD),Seats - Outdoor,8,144.961756204,-37.81416355,Other Cuisines
Shanghai Flower,Melbourne (CBD),Seats - Indoor,130,144.962638938,-37.81411399,Chinese
Chiki Chiki,Melbourne (CBD),Seats - Indoor,10,144.962707826,-37.81388737,Other Cuisines
Captains Of Industry,Melbourne (CBD),Seats - Indoor,45,144.962547924,-37.81354034,Other Cuisines
Brother Baba Budan,Melbourne (CBD),Seats - Outdoor,16,144.962170953,-37.81353263,Other Cuisines
Tipo 00,Melbourne (CBD),Seats - Outdoor,16,144.961992587,-37.81358648,Other Cuisines
Bincho Boss,Melbourne (CBD),Seats - Outdoor,4,144.961462944,-37.81377588,Other Cuisines
Maker Coffee,Melbourne (CBD),Seats - Indoor,12,144.961393663,-37.81379622,Cafe / Coffee Shop
BLUE DOORS,Melbourne (CBD),Seats - Indoor,34,144.962388635,-37.81379747,Other Cuisines
BLUE DOORS,Melbourne (CBD),Seats - Outdoor,8,144.962388635,-37.81379747,Other Cuisines
Federal Coffee,Melbourne (CBD),Seats - Outdoor,28,144.963287893,-37.81360425,Cafe / Coffee Shop
Squiseato,Melbourne (CBD),Seats - Indoor,40,144.964398413,-37.81330938,Other Cuisines
Soul Cafe,Melbourne (CBD),Seats - Outdoor,24,144.964999303,-37.81309229,Cafe / Coffee Shop
Eva's Restaurant,Melbourne (CBD),Seats - Indoor,80,144.964999303,-37.81309229,Other Cuisines
Soul Cafe,Melbourne (CBD),Seats - Indoor,30,144.964999303,-37.81309229,Cafe / Coffee Shop
The Grand BBQ,Melbourne (CBD),Seats - Indoor,30,144.966295166,-37.81272047,Korean
Shaxian Snacks,Melbourne (CBD),Seats - Indoor,18,144.966737509,-37.81291316,Other Cuisines
Tim Ho Wan,Melbourne (CBD),Seats - Indoor,90,144.966876772,-37.81259409,Other Cuisines
BlackBall at China Town,Melbourne (CBD),Seats - Indoor,44,144.966876772,-37.81259409,Chinese
Fishpot,Melbourne (CBD),Seats - Indoor,93,144.966876772,-37.81259409,Other Cuisines
Panda BBQ,Melbourne (CBD),Seats - Indoor,120,144.967176975,-37.81265942,Korean
Pinchy's,Melbourne (CBD),Seats - Indoor,50,144.967282791,-37.81244678,Other Cuisines
Old street hunan restaurant,Melbourne (CBD),Seats - Outdoor,50,144.967282791,-37.81244678,Other Cuisines
Master noodle,Melbourne (CBD),Seats - Indoor,35,144.967282791,-37.81244678,Other Cuisines
Seafood Street,Melbourne (CBD),Seats - Indoor,60,144.96764788,-37.81246709,Other Cuisines
Musashi Ramen Restaurant,Melbourne (CBD),Seats - Indoor,80,144.96751198,-37.81222178,Japanese
Grill King,Melbourne (CBD),Seats - Indoor,110,144.967439396,-37.8120707,Western / Pub / Bistro
Cambodia's Kitchen,Melbourne (CBD),Seats - Indoor,45,144.967567753,-37.8123356,Other Cuisines
Momo Central,Melbourne (CBD),Seats - Indoor,20,144.968385931,-37.81247257,Other Cuisines
White Tomato,Melbourne (CBD),Seats - Indoor,70,144.968470149,-37.81244855,Other Cuisines
Yu Long Fu,Melbourne (CBD),Seats - Indoor,80,144.968857274,-37.81199769,Other Cuisines
Niku Ou,Melbourne (CBD),Seats - Indoor,70,144.969777753,-37.81170307,Other Cuisines
Chine On Paramount / Chine Express,Melbourne (CBD),Seats - Indoor,100,144.969777753,-37.81170307,Other Cuisines
Askal Melbourne,Melbourne (CBD),Seats - Indoor,99,144.970095605,-37.81170899,Other Cuisines
Happy Lamb Hot Pot,Melbourne (CBD),Seats - Indoor,100,144.970047871,-37.8115871,Other Cuisines
Golden Delicious,Melbourne (CBD),Seats - Indoor,130,144.969912284,-37.81128986,Other Cuisines
Khao Soi Melbourne,Melbourne (CBD),Seats - Indoor,174,144.969273121,-37.81147813,Other Cuisines
Shoya Japanese Restaurant,Melbourne (CBD),Seats - Indoor,125,144.969114739,-37.81173945,Japanese
Hakata Gensuke,Melbourne (CBD),Seats - Indoor,30,144.96818783,-37.8122734,Other Cuisines
Mensho Tokyo,Melbourne (CBD),Seats - Indoor,28,144.968207415,-37.81231991,Other Cuisines
Red Chilli House,Melbourne (CBD),Seats - Indoor,145,144.968888379,-37.81158263,Other Cuisines
Bottega Restaurant,Melbourne (CBD),Seats - Outdoor,22,144.971007419,-37.81168307,Other Cuisines
Taco Bill Mexican Restaurant,Melbourne (CBD),Seats - Indoor,81,144.971688988,-37.81137727,Mexican
Bossley Bar & Restaurant,Melbourne (CBD),Seats - Indoor,172,144.970645342,-37.81121462,Western / Pub / Bistro
Arlechin,Melbourne (CBD),Seats - Indoor,70,144.970733249,-37.81151587,Other Cuisines
Arlechin,Melbourne (CBD),Seats - Outdoor,10,144.970733249,-37.81151587,Other Cuisines
The Daughters Arms,Melbourne (CBD),Seats - Outdoor,12,144.971990272,-37.81074304,Other Cuisines
Daughter In Law,Melbourne (CBD),Seats - Outdoor,12,144.971505869,-37.81083595,Other Cuisines
Punch Lane Wine Bar Restaurant,Melbourne (CBD),Seats - Indoor,45,144.971362998,-37.81092017,Western / Pub / Bistro
SPQR Pizzeria,Melbourne (CBD),Seats - Indoor,45,144.971362998,-37.81092017,Italian
Crossley St Cantina,Melbourne (CBD),Seats - Indoor,90,144.971109213,-37.81101377,Other Cuisines
City Wine Shop,Melbourne (CBD),Seats - Indoor,45,144.972465071,-37.81099168,Other Cuisines
The European,Melbourne (CBD),Seats - Indoor,65,144.972429029,-37.81095129,Other Cuisines
Bar Humbug,Melbourne (CBD),Seats - Indoor,100,144.954969041,-37.81538903,Western / Pub / Bistro
Delhi Rocks,Melbourne (CBD),Seats - Indoor,46,144.954969041,-37.81538903,Other Cuisines
Onsen Donburi,Melbourne (CBD),Seats - Indoor,30,144.954249339,-37.81498784,Japanese
Bon Bon Boy - Spencer Street,Melbourne (CBD),Seats - Indoor,80,144.953525588,-37.81537494,Other Cuisines
Lang Baan,Melbourne (CBD),Seats - Indoor,174,144.953525588,-37.81537494,Other Cuisines
Salero Kito Padang On Rose Lane,Melbourne (CBD),Seats - Indoor,40,144.953525588,-37.81537494,Other Cuisines
Korean Street Food,Melbourne (CBD),Seats - Outdoor,10,144.953525588,-37.81537494,Korean
Korean Table,Melbourne (CBD),Seats - Indoor,20,144.953525588,-37.81537494,Korean
Korean Table,Melbourne (CBD),Seats - Outdoor,28,144.953525588,-37.81537494,Korean
My Goodness Pizzas And Burgers,Melbourne (CBD),Seats - Outdoor,56,144.953525588,-37.81537494,Italian
Lim Kopi,Melbourne (CBD),Seats - Outdoor,12,144.956367186,-37.81477885,Other Cuisines
215 Queens,Melbourne (CBD),Seats - Outdoor,10,144.959874118,-37.81379647,Other Cuisines
Caterina's Cucina e Bar,Melbourne (CBD),Seats - Indoor,90,144.959754236,-37.81355361,Western / Pub / Bistro
French Fix,Melbourne (CBD),Seats - Indoor,12,144.959754236,-37.81355361,Other Cuisines
French Fix,Melbourne (CBD),Seats - Outdoor,4,144.959754236,-37.81355361,Other Cuisines
Speck Cafe,Melbourne (CBD),Seats - Indoor,20,144.959754236,-37.81355361,Cafe / Coffee Shop
Waku Waku,Melbourne (CBD),Seats - Indoor,18,144.962283023,-37.81321386,Other Cuisines
Waku Waku,Melbourne (CBD),Seats - Outdoor,4,144.962283023,-37.81321386,Other Cuisines
Rare Steakhouse Midtown,Melbourne (CBD),Seats - Indoor,105,144.960776854,-37.81338564,Cafe / Coffee Shop
Hencho En Mexico,Melbourne (CBD),Seats - Indoor,82,144.961106093,-37.81307029,Mexican
Grill Steak Seafood,Melbourne (CBD),Seats - Indoor,190,144.961167317,-37.81318202,Cafe / Coffee Shop
Funghi e Tartufo,Melbourne (CBD),Seats - Indoor,64,144.961214947,-37.81328955,Other Cuisines
Funghi e Tartufo,Melbourne (CBD),Seats - Outdoor,20,144.961214947,-37.81328955,Other Cuisines
Max On Hardware,Melbourne (CBD),Seats - Indoor,95,144.961262261,-37.81339488,Other Cuisines
Tori's Melbourne,Melbourne (CBD),Seats - Indoor,20,144.961464779,-37.81291055,Other Cuisines
Alt Pasta Bar,Melbourne (CBD),Seats - Indoor,40,144.961464779,-37.81291055,Italian
Khao Man Gai Restaurant,Melbourne (CBD),Seats - Indoor,32,144.961012082,-37.81288006,Other Cuisines
Khao Man Gai Restaurant,Melbourne (CBD),Seats - Outdoor,22,144.961012082,-37.81288006,Other Cuisines
Pho Thin 13 Lo Duc,Melbourne (CBD),Seats - Indoor,45,144.960680876,-37.81303978,Vietnamese
Hawker Boys,Melbourne (CBD),Seats - Indoor,32,144.960680876,-37.81303978,Other Cuisines
Hoiana,Melbourne (CBD),Seats - Indoor,86,144.960900331,-37.81365679,Other Cuisines
Kirk's Wine Bar,Melbourne (CBD),Seats - Outdoor,20,144.96132824,-37.81354346,Western / Pub / Bistro
Peddler,Melbourne (CBD),Seats - Indoor,20,144.960469712,-37.81352285,Other Cuisines
Royal Stacks,Melbourne (CBD),Seats - Indoor,75,144.963838585,-37.81245199,Other Cuisines
Din Tai Fung,Melbourne (CBD),Seats - Indoor,200,144.963838585,-37.81245199,Other Cuisines
HEYTEA,Melbourne (CBD),Seats - Indoor,22,144.963838585,-37.81245199,Cafe / Coffee Shop
Torino Aperitivo,Melbourne (CBD),Seats - Indoor,75,144.963127568,-37.81292437,Other Cuisines
Tina's Noodle Kitchen,Melbourne (CBD),Seats - Indoor,80,144.96480429,-37.81244693,Other Cuisines
Mekong Vietnam,Melbourne (CBD),Seats - Indoor,50,144.964778374,-37.81239263,Vietnamese
Dodee Paidang Thai Street Food,Melbourne (CBD),Seats - Indoor,74,144.964736445,-37.81230108,Thai
Dodee Paidang Thai Street Food,Melbourne (CBD),Seats - Outdoor,24,144.964736445,-37.81230108,Thai
China Bar,Melbourne (CBD),Seats - Indoor,120,144.964648743,-37.81211394,Chinese
Nelayan Indonesian Restaurant,Melbourne (CBD),Seats - Indoor,62,144.964602088,-37.81201045,Other Cuisines
Yoyogi,Melbourne (CBD),Seats - Indoor,85,144.964574647,-37.8119541,Other Cuisines
OPPA (Korean Kitchen),Melbourne (CBD),Seats - Indoor,55,144.964550923,-37.81190136,Korean
Heyday Hong Kong Cafe,Melbourne (CBD),Seats - Indoor,16,144.966372569,-37.81181046,Cafe / Coffee Shop
Ling Nam Restaurant,Melbourne (CBD),Seats - Indoor,100,144.966353331,-37.81133175,Other Cuisines
Robo Mao,Melbourne (CBD),Seats - Indoor,100,144.966217729,-37.81204326,Other Cuisines
D'Penyetz & D'Cendol,Melbourne (CBD),Seats - Indoor,80,144.966540804,-37.81199247,Other Cuisines
China Bar,Melbourne (CBD),Seats - Indoor,100,144.96703692,-37.81111923,Chinese
Colourful Yunnan Swanston,Melbourne (CBD),Seats - Indoor,66,144.965377424,-37.81222329,Other Cuisines
Boiling Crab Melbourne,Melbourne (CBD),Seats - Indoor,180,144.9657704,-37.81206133,Other Cuisines
Rice Workshop,Melbourne (CBD),Seats - Indoor,50,144.965781281,-37.81224859,Other Cuisines
Crazy Wing,Melbourne (CBD),Seats - Indoor,70,144.965872652,-37.81222127,Other Cuisines
Gurkhas Cbd,Melbourne (CBD),Seats - Indoor,100,144.968915174,-37.81104301,Other Cuisines
The Chef's Jungle,Melbourne (CBD),Seats - Indoor,38,144.968925697,-37.81059803,Other Cuisines
Footlights Restaurant,Melbourne (CBD),Seats - Indoor,80,144.968530007,-37.81098009,Other Cuisines
Nan Yang Express Chinatown,Melbourne (CBD),Seats - Indoor,36,144.968530007,-37.81098009,Chinese
Shanghai Village,Melbourne (CBD),Seats - Indoor,180,144.969075538,-37.81124441,Chinese
Kiosk L,Melbourne (CBD),Seats - Indoor,16,144.967644342,-37.81098272,Other Cuisines
Noodle Plus,Melbourne (CBD),Seats - Indoor,36,144.967644342,-37.81098272,Other Cuisines
Sichuan Impression,Melbourne (CBD),Seats - Indoor,60,144.967994718,-37.81132789,Other Cuisines
Ishiya Stonegrill,Melbourne (CBD),Seats - Indoor,40,144.967994718,-37.81132789,Western / Pub / Bistro
Crystal Jade Restaurant,Melbourne (CBD),Seats - Indoor,120,144.967863195,-37.81158809,Other Cuisines
Tami Sweet Lonsdale,Melbourne (CBD),Seats - Outdoor,8,144.968152905,-37.81081665,Other Cuisines
Bettys Burgers & Concrete Co. Exhibition Street,Melbourne (CBD),Seats - Indoor,65,144.97049616,-37.81055707,Western / Pub / Bistro
Bobbys Coffee & Bagels,Melbourne (CBD),Seats - Indoor,8,144.970714898,-37.81005686,Cafe / Coffee Shop
Gillott Espresso,Melbourne (CBD),Seats - Outdoor,12,144.972057848,-37.81012783,Cafe / Coffee Shop
Anda Cafe,Melbourne (CBD),Seats - Outdoor,18,144.971835359,-37.80990397,Cafe / Coffee Shop
Merriment Coffee,Melbourne (CBD),Seats - Indoor,30,144.952954607,-37.81437529,Cafe / Coffee Shop
House Blend,Melbourne (CBD),Seats - Indoor,12,144.954822177,-37.81349786,Other Cuisines
Taiwan village,Melbourne (CBD),Seats - Indoor,26,144.954822177,-37.81349786,Other Cuisines
Cafe Court,Melbourne (CBD),Seats - Outdoor,12,144.956421679,-37.81365662,Cafe / Coffee Shop
Seoul Toast Bong,Melbourne (CBD),Seats - Indoor,17,144.955565246,-37.81329521,Korean
Jang Gun Restaurant,Melbourne (CBD),Seats - Outdoor,10,144.956016924,-37.8134766,Other Cuisines
Sao Bar & BBQ,Melbourne (CBD),Seats - Indoor,24,144.956016924,-37.8134766,Korean
Monster Pizza,Melbourne (CBD),Seats - Indoor,26,144.956016924,-37.8134766,Italian
Lee Sun Seng Food,Melbourne (CBD),Seats - Indoor,55,144.956016924,-37.8134766,Other Cuisines
Gami Chicken and Beer,Melbourne (CBD),Seats - Outdoor,12,144.956016924,-37.8134766,Other Cuisines
Benny's Bakery Cafe,Melbourne (CBD),Seats - Indoor,12,144.956016924,-37.8134766,Cafe / Coffee Shop
Seven Star Pocha,Melbourne (CBD),Seats - Indoor,68,144.956016924,-37.8134766,Korean
Piccolo Me,Melbourne (CBD),Seats - Indoor,80,144.958613728,-37.81298088,Other Cuisines
Oriental Spoon,Melbourne (CBD),Seats - Indoor,150,144.961709344,-37.81179183,Other Cuisines
Little Fish And Rice Town,Melbourne (CBD),Seats - Indoor,200,144.961673131,-37.81171289,Other Cuisines
Ten Square Cafe,Melbourne (CBD),Seats - Outdoor,20,144.960703187,-37.81194755,Cafe / Coffee Shop
Ikkai,Melbourne (CBD),Seats - Indoor,48,144.960530585,-37.81240787,Other Cuisines
Stubborn Pig,Melbourne (CBD),Seats - Indoor,32,144.961456084,-37.81220274,Other Cuisines
Hakoya Izakaya,Melbourne (CBD),Seats - Indoor,55,144.961456084,-37.81220274,Japanese
Mamak,Melbourne (CBD),Seats - Indoor,100,144.961456084,-37.81220274,Other Cuisines
China Bar,Melbourne (CBD),Seats - Indoor,70,144.961762525,-37.81212877,Chinese
CJ Lunchbar,Melbourne (CBD),Seats - Outdoor,8,144.960341087,-37.81187439,Western / Pub / Bistro
Dao Noodle,Melbourne (CBD),Seats - Indoor,60,144.960249837,-37.81190077,Other Cuisines
Red Cliff Chinese Restaurant,Melbourne (CBD),Seats - Outdoor,2,144.959946669,-37.81247757,Chinese
Cafe Belt Melbourne,Melbourne (CBD),Seats - Indoor,18,144.959964015,-37.81269017,Cafe / Coffee Shop
Amiri Cafe,Melbourne (CBD),Seats - Indoor,60,144.965703374,-37.810658,Cafe / Coffee Shop
Amiri Cafe,Melbourne (CBD),Seats - Outdoor,38,144.965703374,-37.810658,Cafe / Coffee Shop
Grill'd (QV),Melbourne (CBD),Seats - Indoor,100,144.965703374,-37.810658,Western / Pub / Bistro
Grill'd (QV),Melbourne (CBD),Seats - Outdoor,27,144.965703374,-37.810658,Western / Pub / Bistro
Hakata Gensuke QV,Melbourne (CBD),Seats - Outdoor,12,144.965703374,-37.810658,Other Cuisines
Ippudo,Melbourne (CBD),Seats - Outdoor,12,144.965703374,-37.810658,Other Cuisines
Max Brenner Chocolates,Melbourne (CBD),Seats - Indoor,61,144.965703374,-37.810658,Other Cuisines
Meet Fresh QV,Melbourne (CBD),Seats - Outdoor,16,144.965703374,-37.810658,Other Cuisines
Old Beijing,Melbourne (CBD),Seats - Indoor,220,144.965703374,-37.810658,Other Cuisines
Sura Korean BBQ,Melbourne (CBD),Seats - Indoor,112,144.965703374,-37.810658,Korean
Sushi Jiro QV,Melbourne (CBD),Seats - Indoor,64,144.965703374,-37.810658,Japanese
Sushi Jiro QV,Melbourne (CBD),Seats - Outdoor,12,144.965703374,-37.810658,Japanese
Thai Town Melbourne,Melbourne (CBD),Seats - Indoor,200,144.965703374,-37.810658,Thai
Yuguro,Melbourne (CBD),Seats - Indoor,40,144.965703374,-37.810658,Other Cuisines
Fable Melbourne,Melbourne (CBD),Seats - Outdoor,100,144.967369629,-37.8105674,Other Cuisines
Sulbing Dessert Bar,Melbourne (CBD),Seats - Indoor,35,144.967369629,-37.8105674,Western / Pub / Bistro
Reed House,Melbourne (CBD),Seats - Indoor,100,144.968171809,-37.8099428,Other Cuisines
Operator Diner,Melbourne (CBD),Seats - Indoor,60,144.968171809,-37.8099428,Other Cuisines
Hor Kitchen,Melbourne (CBD),Seats - Indoor,60,144.967198825,-37.81020096,Other Cuisines
Fishing Season,Melbourne (CBD),Seats - Indoor,40,144.967224721,-37.8102551,Other Cuisines
Bemil,Melbourne (CBD),Seats - Indoor,53,144.967250843,-37.81031177,Other Cuisines
Barista Cafe,Melbourne (CBD),Seats - Indoor,52,144.969975609,-37.80941489,Cafe / Coffee Shop
Sargon,Melbourne (CBD),Seats - Indoor,60,144.971443019,-37.8091232,Other Cuisines
Sargon,Melbourne (CBD),Seats - Outdoor,24,144.971443019,-37.8091232,Other Cuisines
Lonsdale larder,Melbourne (CBD),Seats - Outdoor,32,144.970732451,-37.8091842,Other Cuisines
Lonsdale larder,Melbourne (CBD),Seats - Indoor,38,144.970732451,-37.8091842,Other Cuisines
Bluebag,Melbourne (CBD),Seats - Outdoor,6,144.970732451,-37.8091842,Other Cuisines
Roll'd Lonsdale Street,Melbourne (CBD),Seats - Outdoor,12,144.970732451,-37.8091842,Other Cuisines
Foglia Di Fico,Melbourne (CBD),Seats - Indoor,50,144.951878886,-37.81337023,Other Cuisines
LYNS KITCHEN,Melbourne (CBD),Seats - Indoor,40,144.954274499,-37.81261512,Other Cuisines
Le Will Cafe,Melbourne (CBD),Seats - Indoor,100,144.955885513,-37.8124473,Cafe / Coffee Shop
Upstanding Citizens,Melbourne (CBD),Seats - Indoor,30,144.95495139,-37.81275166,Other Cuisines
Zhan Beers,Melbourne (CBD),Seats - Indoor,24,144.955412606,-37.81301653,Other Cuisines
Paik's Noodle,Melbourne (CBD),Seats - Indoor,80,144.955503857,-37.81299012,Other Cuisines
Basil With Thyme,Melbourne (CBD),Seats - Indoor,90,144.956447353,-37.81270785,Italian
Paroro,Melbourne (CBD),Seats - Indoor,122,144.961458918,-37.81122143,Other Cuisines
Isshin Ramen Bar,Melbourne (CBD),Seats - Indoor,39,144.961208102,-37.81067436,Japanese
Krimper,Melbourne (CBD),Seats - Indoor,80,144.960127381,-37.81115719,Other Cuisines
Davids Hot Pot,Melbourne (CBD),Seats - Indoor,55,144.960864124,-37.81073635,Other Cuisines
Scoopy Central,Melbourne (CBD),Seats - Indoor,60,144.960466822,-37.81082676,Other Cuisines
Scoopy Central,Melbourne (CBD),Seats - Outdoor,6,144.960466822,-37.81082676,Other Cuisines
Azuo Yogurt & Cake,Melbourne (CBD),Seats - Indoor,11,144.959961235,-37.81097638,Other Cuisines
Magic Cuisine,Melbourne (CBD),Seats - Indoor,28,144.959794532,-37.81102516,Other Cuisines
Paksoi,Melbourne (CBD),Seats - Indoor,2,144.960948366,-37.81131628,Other Cuisines
Taste Hunan,Melbourne (CBD),Seats - Indoor,16,144.960948366,-37.81131628,Other Cuisines
Yum Sing House,Melbourne (CBD),Seats - Indoor,90,144.960887099,-37.81097275,Other Cuisines
Axil Coffee Roasters Melbourne Central,Melbourne (CBD),Seats - Indoor,150,144.962061274,-37.81084464,Italian
Kumo Kumo Desserts,Melbourne (CBD),Seats - Indoor,55,144.963018917,-37.81073331,Other Cuisines
Buza Chicken,Melbourne (CBD),Seats - Indoor,121,144.963018917,-37.81073331,Other Cuisines
Byrdi,Melbourne (CBD),Seats - Indoor,62,144.963018917,-37.81073331,Other Cuisines
GOTCHA,Melbourne (CBD),Seats - Indoor,30,144.963018917,-37.81073331,Other Cuisines
Homm Dessert,Melbourne (CBD),Seats - Indoor,50,144.963018917,-37.81073331,Other Cuisines
Nosh,Melbourne (CBD),Seats - Indoor,34,144.963018917,-37.81073331,Other Cuisines
New Shanghai,Melbourne (CBD),Seats - Indoor,95,144.963018917,-37.81073331,Chinese
Miyama,Melbourne (CBD),Seats - Indoor,47,144.963018917,-37.81073331,Other Cuisines
Ajisen Ramen,Melbourne (CBD),Seats - Indoor,79,144.963018917,-37.81073331,Japanese
TGI Fridays Restaurant & Bar,Melbourne (CBD),Seats - Indoor,330,144.963018917,-37.81073331,Western / Pub / Bistro
Billy's Central,Melbourne (CBD),Seats - Indoor,36,144.963018917,-37.81073331,Other Cuisines
Sakura Kaiten Sushi II,Melbourne (CBD),Seats - Indoor,30,144.963996846,-37.81152963,Japanese
David's Master Pot Swanston,Melbourne (CBD),Seats - Outdoor,8,144.964193795,-37.81107765,Other Cuisines
Mr Tulk Cafe,Melbourne (CBD),Seats - Indoor,80,144.965306017,-37.80976881,Cafe / Coffee Shop
Mr Tulk Cafe,Melbourne (CBD),Seats - Outdoor,70,144.965306017,-37.80976881,Cafe / Coffee Shop
The Moat Bar & Cafe,Melbourne (CBD),Seats - Outdoor,30,144.965306017,-37.80976881,Cafe / Coffee Shop
Papion Bites,Melbourne (CBD),Seats - Indoor,70,144.968894912,-37.80907468,Other Cuisines
Famil Lee,Melbourne (CBD),Seats - Indoor,24,144.968828365,-37.80893166,Italian
Global Kitchen Cafe,Melbourne (CBD),Seats - Indoor,66,144.968423011,-37.80861853,Cafe / Coffee Shop
B & B' Guette Cafe,Melbourne (CBD),Seats - Outdoor,12,144.968771771,-37.80881313,Cafe / Coffee Shop
Mr Hoppers,Melbourne (CBD),Seats - Indoor,16,144.968771771,-37.80881313,Other Cuisines
Hansang,West Melbourne (Residential),Seats - Indoor,32,144.953514179,-37.81214526,Other Cuisines
The Dispensa,West Melbourne (Residential),Seats - Indoor,19,144.953251433,-37.81166257,Other Cuisines
The Moghals,West Melbourne (Residential),Seats - Indoor,26,144.953251433,-37.81166257,Other Cuisines
Biryani House,West Melbourne (Residential),Seats - Indoor,42,144.953629457,-37.81236188,Indian
Impresso Cafe,West Melbourne (Residential),Seats - Indoor,16,144.953598901,-37.81229603,Cafe / Coffee Shop
ABC Chicken,Melbourne (CBD),Seats - Indoor,60,144.958211968,-37.81022044,Other Cuisines
The Jazz Corner Cafe,Melbourne (CBD),Seats - Indoor,36,144.956578269,-37.81124427,Cafe / Coffee Shop
Operator 25,Melbourne (CBD),Seats - Outdoor,18,144.957162073,-37.81071591,Other Cuisines
YGF Melbourne,Melbourne (CBD),Seats - Indoor,45,144.960849507,-37.8100143,Other Cuisines
Homm Dessert At Heart,Melbourne (CBD),Seats - Indoor,60,144.960849507,-37.8100143,Other Cuisines
Mamao,Melbourne (CBD),Seats - Indoor,54,144.959029373,-37.81075124,Other Cuisines
Da Tie Niu,Melbourne (CBD),Seats - Indoor,33,144.959136749,-37.8107204,Other Cuisines
Yaki Nau,Melbourne (CBD),Seats - Indoor,80,144.959099041,-37.81002684,Other Cuisines
Darac,Melbourne (CBD),Seats - Outdoor,6,144.962074258,-37.8090975,Other Cuisines
Bowltiful Halal Lanzhou Noodles,Melbourne (CBD),Seats - Indoor,60,144.961451491,-37.80977164,Other Cuisines
Cheng Fu Urban Dessert Buffet,Melbourne (CBD),Seats - Indoor,37,144.961890386,-37.80940205,Other Cuisines
KFC,Melbourne (CBD),Seats - Indoor,28,144.963216993,-37.80904283,Other Cuisines
Boss D,Melbourne (CBD),Seats - Indoor,110,144.96317964,-37.80895593,Other Cuisines
Surasang,Melbourne (CBD),Seats - Indoor,250,144.961953762,-37.80913331,Other Cuisines
Canto cafe e pizzeria,Melbourne (CBD),Seats - Indoor,48,144.964543533,-37.80818156,Italian
Thailicious,Melbourne (CBD),Seats - Indoor,52,144.968173143,-37.80752222,Thai
Karomi Cafe,Melbourne (CBD),Seats - Indoor,12,144.967394785,-37.80768212,Cafe / Coffee Shop
Buza Chicken,Melbourne (CBD),Seats - Indoor,50,144.957993288,-37.80988001,Other Cuisines
Bentoman,Melbourne (CBD),Seats - Indoor,15,144.956601159,-37.81015871,Japanese
Zawaddi,Melbourne (CBD),Seats - Indoor,117,144.959996913,-37.80914342,Other Cuisines
Zawaddi,Melbourne (CBD),Seats - Outdoor,22,144.959996913,-37.80914342,Other Cuisines
Shu Ramen Elizabeth,Melbourne (CBD),Seats - Outdoor,6,144.960424356,-37.80897533,Japanese
Dragon Hot Pot,Melbourne (CBD),Seats - Indoor,26,144.960343859,-37.8088586,Other Cuisines
Jojo Little Kitchen,Melbourne (CBD),Seats - Outdoor,36,144.959575429,-37.80904835,Other Cuisines
Ichigo,Melbourne (CBD),Seats - Indoor,100,144.959575429,-37.80904835,Other Cuisines
Kimsoju,Melbourne (CBD),Seats - Indoor,50,144.958511614,-37.80897917,Other Cuisines
Zhangliang Malatang,Melbourne (CBD),Seats - Indoor,32,144.961006966,-37.8086289,Other Cuisines
Daily Delish,Melbourne (CBD),Seats - Indoor,35,144.961762745,-37.80816922,Other Cuisines
The Vine Coffee Roasters,Melbourne (CBD),Seats - Indoor,40,144.962693205,-37.80826292,Cafe / Coffee Shop
Market Lane Coffee,Melbourne (CBD),Seats - Outdoor,24,144.957205484,-37.80765748,Cafe / Coffee Shop
Romeo Takeaway Cafe,Melbourne (CBD),Seats - Indoor,4,144.957205484,-37.80765748,Cafe / Coffee Shop
Rubens,Melbourne (CBD),Seats - Outdoor,12,144.957205484,-37.80765748,Other Cuisines
Saltwater Sushi And Oyster Bar,Melbourne (CBD),Seats - Indoor,12,144.957205484,-37.80765748,Japanese
3 Brothersss,Melbourne (CBD),Seats - Outdoor,36,144.957205484,-37.80765748,Other Cuisines
Cafe Victoria,Melbourne (CBD),Seats - Indoor,38,144.957205484,-37.80765748,Cafe / Coffee Shop
Cafe Victoria,Melbourne (CBD),Seats - Outdoor,24,144.957205484,-37.80765748,Cafe / Coffee Shop
Kenangan,Melbourne (CBD),Seats - Outdoor,50,144.957205484,-37.80765748,Other Cuisines
Pondok Rempah,Melbourne (CBD),Seats - Outdoor,8,144.959791631,-37.8076029,Other Cuisines
Jasper Kitchen,Melbourne (CBD),Seats - Indoor,65,144.959633112,-37.80750344,Other Cuisines
Publique Bakery,Melbourne (CBD),Seats - Outdoor,18,144.959088605,-37.8076845,Cafe / Coffee Shop
Kombu Qvm Pty Ltd,Melbourne (CBD),Seats - Outdoor,10,144.959088605,-37.8076845,Other Cuisines
The Brick Lane Market,Melbourne (CBD),Seats - Indoor,105,144.958461316,-37.80788769,Other Cuisines
Sarawak Kitchen,Melbourne (CBD),Seats - Outdoor,21,144.95996948,-37.807983,Other Cuisines
Lost In Yunnan Elizabeth,Melbourne (CBD),Seats - Indoor,80,144.960349763,-37.80719768,Other Cuisines
Hwadam BBQ,Melbourne (CBD),Seats - Indoor,90,144.960349763,-37.80719768,Korean
David's Master Pot,Melbourne (CBD),Seats - Outdoor,20,144.960624495,-37.80783746,Other Cuisines
Nisa's Thai Street Food,Melbourne (CBD),Seats - Indoor,98,144.962090701,-37.80728963,Thai
Byblos Bar & Restaurant,Docklands,Seats - Outdoor,80,144.953818379,-37.82273183,Western / Pub / Bistro
Degani Bakery Cafe,Docklands,Seats - Outdoor,26,144.953818379,-37.82273183,Cafe / Coffee Shop
Man Mo @ Wtc,Docklands,Seats - Indoor,150,144.953818379,-37.82273183,Other Cuisines
Tokyo Lamington,Carlton,Seats - Indoor,24,144.965533876,-37.79670704,Other Cuisines
Dumpling & Chinese Cuisine,Carlton,Seats - Indoor,42,144.964899925,-37.79668021,Chinese
Shuji Sushi,Carlton,Seats - Indoor,8,144.96482819,-37.7999972,Japanese
The Studio Beans,Carlton,Seats - Indoor,20,144.96482819,-37.7999972,Other Cuisines
University Cafe / Universita Bar Restaurant,Carlton,Seats - Indoor,120,144.966838206,-37.79947744,Cafe / Coffee Shop
University Cafe / Universita Bar Restaurant,Carlton,Seats - Outdoor,56,144.966838206,-37.79947744,Cafe / Coffee Shop
Lagoon Dining,Carlton,Seats - Outdoor,30,144.966868004,-37.79929755,Other Cuisines
Aperitivo Bar Ristorante,Carlton,Seats - Outdoor,25,144.966910371,-37.79905377,Italian
Cyrus Artlounge,Carlton,Seats - Indoor,22,144.966932478,-37.79901857,Other Cuisines
Agostino,Carlton,Seats - Indoor,90,144.967041148,-37.79838828,Other Cuisines
Tiamo,Carlton,Seats - Outdoor,30,144.967089764,-37.79822136,Other Cuisines
Tiamo,Carlton,Seats - Indoor,60,144.967079227,-37.79817948,Other Cuisines
Tiamo,Carlton,Seats - Outdoor,45,144.967079227,-37.79817948,Other Cuisines
Tiamo,Carlton,Seats - Indoor,30,144.966981693,-37.79812248,Other Cuisines
Milk The Cow Licensed Fromagerie,Carlton,Seats - Indoor,80,144.967125791,-37.79777439,Other Cuisines
Heartattack and Vine,Carlton,Seats - Indoor,50,144.967148225,-37.79764329,Other Cuisines
Jimmy Watson's Wine Bar,Carlton,Seats - Outdoor,40,144.967177892,-37.7975082,Western / Pub / Bistro
Adonai Foods,Carlton,Seats - Outdoor,20,144.969095378,-37.79465838,Other Cuisines
Bossa Nova Coffee And Friends,Carlton,Seats - Outdoor,10,144.969391732,-37.79713752,Cafe / Coffee Shop
Bossa Nova Coffee And Friends,Carlton,Seats - Indoor,25,144.969391732,-37.79713752,Cafe / Coffee Shop
Vincent The Dog,Carlton,Seats - Indoor,18,144.969267888,-37.79777638,Other Cuisines
Masani Italian Dining & Terrace,Carlton,Seats - Outdoor,30,144.968491963,-37.79837995,Italian
The Carlton Wine Room,Carlton,Seats - Outdoor,20,144.968585611,-37.79858383,Other Cuisines
Brunetti Classico Carlton,Carlton,Seats - Outdoor,100,144.968178866,-37.79803089,Other Cuisines
Sea Salt Kitchen,Carlton,Seats - Outdoor,22,144.967634649,-37.79832944,Other Cuisines
Donnini's Restaurant,Carlton,Seats - Outdoor,24,144.967510433,-37.79953749,Other Cuisines
Copperwood,Carlton,Seats - Outdoor,33,144.967600033,-37.79962339,Other Cuisines
Divine Darbar Indian Restaurant and Bar,Carlton,Seats - Indoor,89,144.967333819,-37.80013942,Indian
Paris Go Bistro,Carlton,Seats - Indoor,50,144.970884118,-37.79695652,Western / Pub / Bistro
Fenton Bistro,Carlton,Seats - Indoor,26,144.971086189,-37.79578979,Western / Pub / Bistro
Okra Sri Lankan Cuisine,Carlton,Seats - Indoor,20,144.971140453,-37.79543507,Other Cuisines
Bar Bellamy,Carlton,Seats - Outdoor,12,144.971131911,-37.79547684,Western / Pub / Bistro
Al Dente Sapori,Carlton,Seats - Indoor,66,144.974806593,-37.7963885,Other Cuisines
Scopri Italian Food & Wine,Carlton,Seats - Indoor,60,144.974922089,-37.79568657,Italian
Books N Bites Cafe,Carlton,Seats - Outdoor,12,144.958328684,-37.80169537,Cafe / Coffee Shop
Baretto Cafe,Carlton,Seats - Indoor,120,144.959280641,-37.80023307,Cafe / Coffee Shop
Cafe Commercio,Carlton,Seats - Indoor,115,144.958820263,-37.80155731,Cafe / Coffee Shop
The Dumplings & Tea Co,Carlton,Seats - Indoor,18,144.963414226,-37.80087264,Chinese
The Dumplings & Tea Co,Carlton,Seats - Outdoor,19,144.963414226,-37.80087264,Chinese
KFC Carlton,Carlton,Seats - Indoor,22,144.963642266,-37.8006201,Other Cuisines
Master Fiery,Carlton,Seats - Indoor,40,144.963642266,-37.8006201,Other Cuisines
Gyoza San,Carlton,Seats - Indoor,36,144.965103662,-37.80077102,Other Cuisines
Chargrilled Vietnamese Kitchen,Carlton,Seats - Indoor,26,144.965626451,-37.80132569,Vietnamese
Don Tojo,Carlton,Seats - Outdoor,15,144.965626451,-37.80132569,Other Cuisines
Don Tojo,Carlton,Seats - Indoor,48,144.965626451,-37.80132569,Other Cuisines
Shooter McGavins,Carlton,Seats - Outdoor,30,144.965624121,-37.80080042,Other Cuisines
Kabana Restaurant,Carlton,Seats - Indoor,30,144.96644595,-37.80178513,Other Cuisines
Stuzzichino,Carlton,Seats - Outdoor,30,144.966456885,-37.80171819,Other Cuisines
Tabouli,Carlton,Seats - Indoor,45,144.966488036,-37.8011904,Other Cuisines
Cairo Nights Restaurant & Bar,Carlton,Seats - Indoor,50,144.967324233,-37.80137656,Western / Pub / Bistro
Piccolo Mondo,Carlton,Seats - Indoor,120,144.967246341,-37.80158026,Other Cuisines
Leonardo's Pizza Palace,Carlton,Seats - Indoor,80,144.968597488,-37.80116198,Italian
Market Cafe / Station Cafe / Mercury Restaurant,Carlton,Seats - Indoor,215,144.971635508,-37.80401887,Cafe / Coffee Shop
Nefes,Carlton,Seats - Indoor,100,144.966780013,-37.80305855,Other Cuisines
Khabbay Restaurant,Carlton,Seats - Indoor,120,144.966723095,-37.803783,Other Cuisines
Hakata Gensuke Carlton,Carlton,Seats - Indoor,22,144.966699249,-37.80443778,Other Cuisines
Hakata Gensuke Carlton,Carlton,Seats - Outdoor,8,144.966699249,-37.80443778,Other Cuisines
Kantin,Carlton,Seats - Outdoor,16,144.966699249,-37.80443778,Other Cuisines
Ying Thai 2,Carlton,Seats - Outdoor,20,144.966699249,-37.80443778,Thai
KITCHEN OF THE KING,Carlton,Seats - Indoor,50,144.965949772,-37.80467681,Other Cuisines
Kazuki's Restaurant,Carlton,Seats - Indoor,40,144.966024118,-37.80415049,Other Cuisines
Mercadante Pizza,Carlton,Seats - Indoor,45,144.966034229,-37.80408996,Italian
La Cabra Carlton,Carlton,Seats - Indoor,40,144.966117861,-37.80366248,Other Cuisines
Fattie Prince,Carlton,Seats - Indoor,45,144.963640222,-37.80430744,Other Cuisines
Adozen Adozen,Carlton,Seats - Indoor,20,144.962784486,-37.80429344,Other Cuisines
Bar Holiday,Carlton,Seats - Indoor,50,144.962781304,-37.80336259,Western / Pub / Bistro
Stovetop,Carlton,Seats - Indoor,70,144.960971679,-37.80335267,Other Cuisines
Stovetop,Carlton,Seats - Outdoor,16,144.960971679,-37.80335267,Other Cuisines
More Tea,Carlton,Seats - Indoor,20,144.958240197,-37.80219264,Cafe / Coffee Shop
Arabesque,Carlton,Seats - Indoor,80,144.958614249,-37.80328692,Other Cuisines
Humble Rays,Carlton,Seats - Indoor,60,144.961410001,-37.80477948,Other Cuisines
Manja Melbourne,Carlton,Seats - Indoor,60,144.960508626,-37.80570036,Other Cuisines
Laurus - Lou Mei Fun,Carlton,Seats - Indoor,95,144.961940792,-37.80614561,Other Cuisines
Soul Soul Cafe,Carlton,Seats - Indoor,60,144.961940792,-37.80614561,Cafe / Coffee Shop
Woodside Green,Carlton,Seats - Indoor,18,144.964446103,-37.80486182,Other Cuisines
Torissong,Carlton,Seats - Indoor,16,144.963920625,-37.80493297,Other Cuisines
Oxi Tea Room,Carlton,Seats - Indoor,16,144.963716758,-37.80521815,Cafe / Coffee Shop
Oxi Tea Room,Carlton,Seats - Outdoor,6,144.963716758,-37.80521815,Cafe / Coffee Shop
The Budapest Cafe,Carlton,Seats - Indoor,32,144.963716758,-37.80521815,Cafe / Coffee Shop
Boogie House Hotpot,Carlton,Seats - Indoor,48,144.963330013,-37.8060084,Chinese
Panda Hot Pot,Carlton,Seats - Indoor,198,144.964175958,-37.80649729,Other Cuisines
Coffee On Cardigan,Carlton,Seats - Outdoor,68,144.963957764,-37.80593475,Cafe / Coffee Shop
Ej's Cafe,Carlton,Seats - Indoor,50,144.965492645,-37.80548997,Cafe / Coffee Shop
Chinger Biang Biang Noodle,Carlton,Seats - Indoor,20,144.965352526,-37.80670091,Other Cuisines
Hi Chong Qing Cafe & Noodle Bar,Carlton,Seats - Indoor,20,144.965400643,-37.80634019,Chinese
Epocha Restaurant,Carlton,Seats - Outdoor,30,144.968594354,-37.80578725,Korean
The Potter Espresso Bar,Parkville,Seats - Indoor,18,144.961258672,-37.79738772,Cafe / Coffee Shop
Journeys Cafe by ASRC,Parkville,Seats - Indoor,20,144.961258672,-37.79738772,Cafe / Coffee Shop
Dr Dax Kitchen,Parkville,Seats - Outdoor,50,144.961258672,-37.79738772,Other Cuisines
Sage And Grace - The Communitas Café,Parkville,Seats - Indoor,50,144.960593135,-37.79301729,Other Cuisines
The Humble Goat,North Melbourne,Seats - Outdoor,4,144.938522996,-37.79589356,Other Cuisines
North End Deli,North Melbourne,Seats - Outdoor,8,144.938197912,-37.79557662,Other Cuisines
Palette,North Melbourne,Seats - Indoor,24,144.94713843,-37.80252643,Other Cuisines
Twenty & Six Espresso,North Melbourne,Seats - Outdoor,20,144.947539147,-37.80257071,Cafe / Coffee Shop
Toast Kitchen Cafe,North Melbourne,Seats - Outdoor,24,144.94904224,-37.80463699,Cafe / Coffee Shop
Char Siu House,North Melbourne,Seats - Indoor,38,144.949085065,-37.80412429,Other Cuisines
Wonky Trolley,North Melbourne,Seats - Outdoor,18,144.94904753,-37.80390823,Other Cuisines
Wonky Trolley,North Melbourne,Seats - Indoor,30,144.94904753,-37.80390823,Other Cuisines
Bistro De Paris,North Melbourne,Seats - Outdoor,10,144.949205167,-37.80360299,Western / Pub / Bistro
Errol's Cafe,North Melbourne,Seats - Outdoor,30,144.949083435,-37.80345572,Cafe / Coffee Shop
Snax Cafe,North Melbourne,Seats - Outdoor,18,144.94928705,-37.80323404,Cafe / Coffee Shop
Lumen People,North Melbourne,Seats - Outdoor,4,144.94871348,-37.80474738,Other Cuisines
Auction Rooms Cafe,North Melbourne,Seats - Indoor,104,144.949460849,-37.8024571,Cafe / Coffee Shop
French Quarter Patisserie,North Melbourne,Seats - Outdoor,14,144.948475718,-37.80271264,Cafe / Coffee Shop
French Quarter Patisserie,North Melbourne,Seats - Indoor,24,144.948475718,-37.80271264,Cafe / Coffee Shop
KL Bunga Raya,North Melbourne,Seats - Outdoor,15,144.949722464,-37.80435713,Other Cuisines
Sosta Cucina,North Melbourne,Seats - Indoor,60,144.949568839,-37.80483255,Other Cuisines
Sosta Cucina,North Melbourne,Seats - Outdoor,22,144.949568839,-37.80483255,Other Cuisines
Arbutus,North Melbourne,Seats - Outdoor,12,144.949580943,-37.80489365,Other Cuisines
Roasting Warehouse,North Melbourne,Seats - Outdoor,48,144.950594501,-37.80447359,Other Cuisines
El Sabor,North Melbourne,Seats - Outdoor,4,144.949681151,-37.804917,Other Cuisines
Le Bajo,North Melbourne,Seats - Indoor,28,144.954243272,-37.80509175,Other Cuisines
Pho Victoria,North Melbourne,Seats - Indoor,38,144.953960605,-37.80542263,Vietnamese
Sakedokoro Namara,North Melbourne,Seats - Outdoor,20,144.954338535,-37.80537801,Other Cuisines
Maria's Trattoria,North Melbourne,Seats - Indoor,80,144.956459859,-37.80519937,Italian
Melbourne Toodouri,North Melbourne,Seats - Indoor,60,144.957723661,-37.80583959,Other Cuisines
Dancing Flame Charcoal Grill,North Melbourne,Seats - Indoor,50,144.958291779,-37.80471151,Western / Pub / Bistro
Gai Wong,North Melbourne,Seats - Indoor,40,144.955871244,-37.80140031,Other Cuisines
Gai Wong,North Melbourne,Seats - Outdoor,18,144.955871244,-37.80140031,Other Cuisines
Sinjeon,North Melbourne,Seats - Indoor,20,144.955200107,-37.80067768,Other Cuisines
A Treat of France,North Melbourne,Seats - Indoor,32,144.955169656,-37.80032188,Other Cuisines
Joe's Eatery,North Melbourne,Seats - Indoor,72,144.954318992,-37.7997297,Other Cuisines
Avist Cafe,North Melbourne,Seats - Indoor,40,144.952705279,-37.79844294,Cafe / Coffee Shop
Avist Cafe,North Melbourne,Seats - Outdoor,34,144.952705279,-37.79844294,Cafe / Coffee Shop
Sassy Italian Restaurant,West Melbourne (Residential),Seats - Indoor,100,144.942416906,-37.80671459,Italian
Tong Fu Garden Melbourne,West Melbourne (Residential),Seats - Indoor,60,144.944447036,-37.80624547,Other Cuisines
Tong Fu Garden Melbourne,West Melbourne (Residential),Seats - Outdoor,36,144.944447036,-37.80624547,Other Cuisines
Hunters And Disciples,West Melbourne (Residential),Seats - Outdoor,10,144.945352806,-37.8068965,Other Cuisines
Butcher Shop Cafe,West Melbourne (Residential),Seats - Indoor,10,144.945577948,-37.8080043,Cafe / Coffee Shop
The Kathmandu Cottage,West Melbourne (Residential),Seats - Indoor,60,144.949792546,-37.80539371,Other Cuisines
279,West Melbourne (Residential),Seats - Indoor,25,144.951970327,-37.80566937,Other Cuisines
Le Taj Restaurant,West Melbourne (Residential),Seats - Indoor,50,144.952039324,-37.80775631,Other Cuisines
Little Africa,West Melbourne (Residential),Seats - Indoor,28,144.954044804,-37.80590009,Other Cuisines
So Thai Tapas & Street Food,West Melbourne (Residential),Seats - Indoor,55,144.955351089,-37.80759351,Thai
Hello Jose,West Melbourne (Residential),Seats - Indoor,20,144.955584299,-37.80619737,Other Cuisines
Kare,West Melbourne (Residential),Seats - Indoor,25,144.955603657,-37.80606639,Other Cuisines
Pretty Sichuan Taste,West Melbourne (Residential),Seats - Indoor,20,144.955603657,-37.80606639,Other Cuisines
Fuumi Fuumi,West Melbourne (Residential),Seats - Indoor,20,144.950650784,-37.80906098,Other Cuisines
Fuumi Fuumi,West Melbourne (Residential),Seats - Outdoor,8,144.950650784,-37.80906098,Other Cuisines
Shiraaz By Rajputana,West Melbourne (Residential),Seats - Indoor,80,144.948450986,-37.81025507,Other Cuisines
The Studio Beans,West Melbourne (Residential),Seats - Outdoor,6,144.948450986,-37.81025507,Other Cuisines
Angkor,West Melbourne (Residential),Seats - Indoor,39,144.949895376,-37.81158829,Other Cuisines
Kensington Canteen,Kensington,Seats - Indoor,30,144.93036435,-37.79956864,Other Cuisines
Local Folk Cafe,Kensington,Seats - Indoor,45,144.925609612,-37.79223674,Cafe / Coffee Shop
The Grazing Paddock Cafe,Kensington,Seats - Indoor,38,144.916890323,-37.78417751,Cafe / Coffee Shop
Hem 27,Kensington,Seats - Indoor,40,144.915521168,-37.78257295,Other Cuisines
Pacinos Italian Restaurant,Kensington,Seats - Outdoor,34,144.915521168,-37.78257295,Italian
Il Duca Restaurant,East Melbourne,Seats - Outdoor,5,144.985591495,-37.81618514,Italian
Il Duca Restaurant,East Melbourne,Seats - Indoor,60,144.985591495,-37.81618514,Italian
The Grey Smith,East Melbourne,Seats - Indoor,28,144.985988908,-37.81609348,Other Cuisines
Tadka Hut Indian Cuisine,East Melbourne,Seats - Indoor,40,144.98730737,-37.8163489,Indian
Square & Compass,East Melbourne,Seats - Outdoor,13,144.984112154,-37.80970434,Other Cuisines
Square & Compass,East Melbourne,Seats - Indoor,51,144.984112154,-37.80970434,Other Cuisines
Grocery Bar East Melbourne,East Melbourne,Seats - Outdoor,25,144.985625385,-37.81004656,Western / Pub / Bistro
Alley Cat,East Melbourne,Seats - Indoor,50,144.985625385,-37.81004656,Other Cuisines
Grocery Bar East Melbourne,East Melbourne,Seats - Indoor,46,144.985625385,-37.81004656,Western / Pub / Bistro
Zouki Cafe,East Melbourne,Seats - Indoor,15,144.984161853,-37.81229599,Cafe / Coffee Shop
Laurent Boulangerie Patisserie,East Melbourne,Seats - Indoor,51,144.984834136,-37.81608793,Cafe / Coffee Shop
My Sushi Japanese Cafe,East Melbourne,Seats - Outdoor,6,144.984834136,-37.81608793,Japanese
My Sushi Japanese Cafe,East Melbourne,Seats - Indoor,22,144.984834136,-37.81608793,Japanese
Solah,East Melbourne,Seats - Indoor,44,144.979979104,-37.80919457,Other Cuisines
East Side Story Bar + Cafe,East Melbourne,Seats - Indoor,58,144.974887122,-37.80862592,Cafe / Coffee Shop
The Glasshouse Eatery,Melbourne (Remainder),Seats - Indoor,70,144.982385438,-37.82487805,Other Cuisines
The Glasshouse Eatery,Melbourne (Remainder),Seats - Outdoor,46,144.982385438,-37.82487805,Other Cuisines
Delisure Kitchen,Melbourne (Remainder),Seats - Indoor,30,144.975719407,-37.83548357,Other Cuisines
Nar Bangkok,Melbourne (Remainder),Seats - Outdoor,13,144.975719407,-37.83548357,Thai
Giro D’Italia,Melbourne (Remainder),Seats - Indoor,78,144.97604258,-37.83570366,Other Cuisines
Giro D’Italia,Melbourne (Remainder),Seats - Outdoor,8,144.97604258,-37.83570366,Other Cuisines
McDonald's,Melbourne (Remainder),Seats - Indoor,34,144.976192013,-37.83615254,Other Cuisines
Gentleman George,Melbourne (Remainder),Seats - Outdoor,20,144.976209572,-37.836275,Other Cuisines
Tokyo Sushi Kitchen St Kilda,Melbourne (Remainder),Seats - Outdoor,10,144.977042736,-37.83774552,Japanese
Aromatic Espresso,Melbourne (Remainder),Seats - Indoor,40,144.977042736,-37.83774552,Cafe / Coffee Shop
Tokyo Sushi Kitchen St Kilda,Melbourne (Remainder),Seats - Indoor,28,144.977042736,-37.83774552,Japanese
Slater St Bench,Melbourne (Remainder),Seats - Outdoor,32,144.977193113,-37.83854242,Other Cuisines
Shuji Sushi Chevron,Melbourne (Remainder),Seats - Indoor,14,144.979819038,-37.8455379,Japanese
Tapenade Melbourne,Melbourne (Remainder),Seats - Indoor,30,144.979819038,-37.8455379,Other Cuisines
Cafe La Colline,Melbourne (Remainder),Seats - Indoor,16,144.979819038,-37.8455379,Cafe / Coffee Shop
Cafe La Colline,Melbourne (Remainder),Seats - Outdoor,22,144.979819038,-37.8455379,Cafe / Coffee Shop
Hawker Canteen,Melbourne (Remainder),Seats - Outdoor,16,144.979819038,-37.8455379,Other Cuisines
Nando's Chevron,Melbourne (Remainder),Seats - Indoor,12,144.979819038,-37.8455379,Other Cuisines
Nando's Chevron,Melbourne (Remainder),Seats - Outdoor,20,144.979819038,-37.8455379,Other Cuisines
Rice @ Chevron,Melbourne (Remainder),Seats - Indoor,24,144.979819038,-37.8455379,Other Cuisines
Cafe Ella,Melbourne (Remainder),Seats - Outdoor,43,144.980378149,-37.84685298,Cafe / Coffee Shop
McDonalds,Southbank,Seats - Indoor,50,144.957875171,-37.82832668,Other Cuisines
A Treat of France,Southbank,Seats - Indoor,25,144.959050704,-37.82730522,Other Cuisines
Circolo,Southbank,Seats - Indoor,18,144.959336791,-37.82786327,Other Cuisines
Circolo,Southbank,Seats - Outdoor,8,144.959336791,-37.82786327,Other Cuisines
Edwin Wine Bar,Southbank,Seats - Indoor,72,144.958224358,-37.8271138,Western / Pub / Bistro
10 Hoff Cafe,Southbank,Seats - Indoor,30,144.963565642,-37.82580013,Cafe / Coffee Shop
Blondie Bar,Southbank,Seats - Indoor,50,144.967877726,-37.82413111,Western / Pub / Bistro
Blondie Bar,Southbank,Seats - Outdoor,80,144.967877726,-37.82413111,Western / Pub / Bistro
Hungry Jack's,Southbank,Seats - Indoor,30,144.963860787,-37.82864999,Other Cuisines
Malthouse Theatre Cafe,Southbank,Seats - Indoor,100,144.966959082,-37.8271278,Cafe / Coffee Shop
Jubilee On Dorcas,Southbank,Seats - Outdoor,30,144.966296035,-37.83070461,Other Cuisines
Ayams Chef,Southbank,Seats - Outdoor,16,144.967959041,-37.82998246,Other Cuisines
Gordon Espresso,Southbank,Seats - Indoor,40,144.967959041,-37.82998246,Cafe / Coffee Shop
Gordon Espresso,Southbank,Seats - Outdoor,48,144.967959041,-37.82998246,Cafe / Coffee Shop
Ayams Chef,Southbank,Seats - Indoor,80,144.967959041,-37.82998246,Other Cuisines
Rosella x 31,Southbank,Seats - Outdoor,10,144.970707242,-37.82912559,Other Cuisines
Coventry Pantry,Southbank,Seats - Indoor,84,144.96939214,-37.82956555,Other Cuisines
Coventry Pantry,Southbank,Seats - Outdoor,62,144.96939214,-37.82956555,Other Cuisines
Protagonist,Southbank,Seats - Outdoor,150,144.968224607,-37.82094494,Other Cuisines
Teatro,Southbank,Seats - Outdoor,60,144.968224607,-37.82094494,Cafe / Coffee Shop
The Tea Room,Southbank,Seats - Indoor,60,144.968633818,-37.82281706,Cafe / Coffee Shop
Bluetrain,Southbank,Seats - Outdoor,80,144.966262253,-37.82066924,Other Cuisines
Commune Wine,Southbank,Seats - Indoor,50,144.966262253,-37.82066924,Other Cuisines
Miyako Japanese Cuisine & Teppanyaki,Southbank,Seats - Indoor,90,144.966262253,-37.82066924,Japanese
Espresso Bar International,Southbank,Seats - Indoor,65,144.966262253,-37.82066924,Cafe / Coffee Shop
Damon Bradley Southgate,Southbank,Seats - Indoor,31,144.966262253,-37.82066924,Other Cuisines
Waterfront (Southgate),Southbank,Seats - Outdoor,188,144.966262253,-37.82066924,Other Cuisines
Tutto Bene,Southbank,Seats - Outdoor,100,144.966262253,-37.82066924,Other Cuisines
Tutto Bene,Southbank,Seats - Indoor,35,144.966262253,-37.82066924,Other Cuisines
Pure South Kitchen,Southbank,Seats - Indoor,250,144.966262253,-37.82066924,Other Cuisines
BearBrass,Southbank,Seats - Indoor,96,144.966262253,-37.82066924,Other Cuisines
Jarrah Restaurant & Bar,Southbank,Seats - Outdoor,60,144.967114686,-37.82038776,Western / Pub / Bistro
Southside On St Kilda,Melbourne (Remainder),Seats - Outdoor,24,144.977535477,-37.83909862,Other Cuisines
Hooks At The Yarra,Docklands,Seats - Indoor,60,144.947647139,-37.82461483,Other Cuisines
Sassone By The Riverside,Docklands,Seats - Indoor,60,144.946355947,-37.82488025,Other Cuisines
Mad Duck Cafe,Docklands,Seats - Outdoor,30,144.943550585,-37.82438863,Cafe / Coffee Shop
Corniche,Docklands,Seats - Indoor,100,144.943550585,-37.82438863,Other Cuisines
Bolte Cafe & Kebab,Port Melbourne,Seats - Indoor,52,144.930953536,-37.82210926,Middle Eastern
Hall St Cafe,Port Melbourne,Seats - Indoor,59,144.925377505,-37.82304058,Cafe / Coffee Shop
Lai Cafe,Port Melbourne,Seats - Outdoor,8,144.925377505,-37.82304058,Cafe / Coffee Shop
Subway,Port Melbourne,Seats - Outdoor,12,144.920988022,-37.82600955,Other Cuisines
Subway,Port Melbourne,Seats - Indoor,16,144.920988022,-37.82600955,Other Cuisines
Q Tea Kitchen,Port Melbourne,Seats - Outdoor,13,144.920988022,-37.82600955,Cafe / Coffee Shop
Ootoro,Port Melbourne,Seats - Indoor,24,144.920988022,-37.82600955,Other Cuisines
Black Jack Cafe,Port Melbourne,Seats - Outdoor,32,144.920988022,-37.82600955,Cafe / Coffee Shop
Black Jack Cafe,Port Melbourne,Seats - Indoor,30,144.920988022,-37.82600955,Cafe / Coffee Shop
Hungry Jack's Pty Ltd,Port Melbourne,Seats - Indoor,70,144.917194113,-37.82984781,Other Cuisines
Bonnie & Duke Cafe,Port Melbourne,Seats - Indoor,40,144.905021319,-37.82653298,Cafe / Coffee Shop
Hopscotch,Southbank,Seats - Indoor,60,144.963375778,-37.82092509,Other Cuisines
Thailander Riverside Quay,Southbank,Seats - Indoor,52,144.963375778,-37.82092509,Thai
Soho Restaurant & Bar,Southbank,Seats - Indoor,60,144.963375778,-37.82092509,Western / Pub / Bistro
DOC Southbank,Southbank,Seats - Outdoor,30,144.963828622,-37.82082512,Other Cuisines
Dagwood Deli,Southbank,Seats - Indoor,20,144.963828622,-37.82082512,Other Cuisines
Breslin Bar And Grill,Southbank,Seats - Indoor,100,144.962891358,-37.82104029,Western / Pub / Bistro
Kenny's Bakery Cafe,Southbank,Seats - Indoor,34,144.962153946,-37.82167833,Cafe / Coffee Shop
Frankie Walter Peta,Southbank,Seats - Outdoor,6,144.962153946,-37.82167833,Other Cuisines
Five Guys,Southbank,Seats - Indoor,150,144.962153946,-37.82167833,Other Cuisines
Crintis Southbank,Southbank,Seats - Outdoor,38,144.962153946,-37.82167833,Other Cuisines
San Antone,Southbank,Seats - Indoor,187,144.958660189,-37.82312164,Other Cuisines
Rockpool Bar & Grill Melbourne,Southbank,Seats - Indoor,300,144.958660189,-37.82312164,Western / Pub / Bistro
Nobu,Southbank,Seats - Indoor,160,144.958660189,-37.82312164,Other Cuisines
Margo's Cafe,Southbank,Seats - Indoor,140,144.958660189,-37.82312164,Cafe / Coffee Shop
Man Tong Kitchen,Southbank,Seats - Indoor,180,144.958660189,-37.82312164,Other Cuisines
Lucky Chan's,Southbank,Seats - Indoor,130,144.958660189,-37.82312164,Other Cuisines
Kitchen Workshop,Southbank,Seats - Indoor,260,144.958660189,-37.82312164,Other Cuisines
Degani @ Crown,Southbank,Seats - Indoor,60,144.958660189,-37.82312164,Other Cuisines
Crown Melbourne Limited,Southbank,Seats - Indoor,60,144.958660189,-37.82312164,Other Cuisines
Koko,Southbank,Seats - Indoor,64,144.958660189,-37.82312164,Other Cuisines
Conservatory,Southbank,Seats - Indoor,200,144.958660189,-37.82312164,Other Cuisines
Oporto,Southbank,Seats - Indoor,32,144.952378154,-37.82539976,Other Cuisines
Common Man,Southbank,Seats - Indoor,79,144.952378154,-37.82539976,Other Cuisines
Bohemian Wine Bar,Southbank,Seats - Outdoor,40,144.952378154,-37.82539976,Western / Pub / Bistro
Dock 37 Bar & Kitchen,Southbank,Seats - Indoor,152,144.952378154,-37.82539976,Western / Pub / Bistro
BangPop,Southbank,Seats - Outdoor,150,144.95033362,-37.82409302,Other Cuisines
Charlie Lovett,Southbank,Seats - Indoor,70,144.95033362,-37.82409302,Other Cuisines
Meat Market South Wharf,Southbank,Seats - Indoor,110,144.95033362,-37.82409302,Other Cuisines
Plus 5,Southbank,Seats - Outdoor,80,144.95033362,-37.82409302,Other Cuisines
The General Assembly,Southbank,Seats - Indoor,152,144.95033362,-37.82409302,Other Cuisines
House Of Cards,Southbank,Seats - Indoor,10,144.961237256,-37.82577603,Other Cuisines
House Of Cards,Southbank,Seats - Outdoor,18,144.961237256,-37.82577603,Other Cuisines
Mr Summit,Southbank,Seats - Outdoor,12,144.962678206,-37.82425012,Other Cuisines
Dee Casa,Southbank,Seats - Indoor,40,144.963582557,-37.82348388,Other Cuisines
Paris By Night,Southbank,Seats - Indoor,50,144.965113147,-37.8225552,Other Cuisines
Sopranos,Southbank,Seats - Indoor,50,144.965113147,-37.8225552,Other Cuisines
Saporito Taquito,Southbank,Seats - Outdoor,18,144.966258139,-37.82261378,Other Cuisines
Saporito Taquito,Southbank,Seats - Indoor,50,144.966258139,-37.82261378,Other Cuisines
Burgertory,Southbank,Seats - Indoor,27,144.959652624,-37.82570623,Western / Pub / Bistro
Au79 Southbank,Southbank,Seats - Outdoor,8,144.959486577,-37.82590804,Other Cuisines
Au79 Southbank,Southbank,Seats - Indoor,40,144.959486577,-37.82590804,Other Cuisines
Gilson,South Yarra,Seats - Outdoor,45,144.981699536,-37.83431735,Other Cuisines
Gilson,South Yarra,Seats - Indoor,55,144.981699536,-37.83431735,Other Cuisines
Bacash,South Yarra,Seats - Outdoor,24,144.981945066,-37.83430008,Other Cuisines
No 179 Domain,South Yarra,Seats - Outdoor,8,144.982036345,-37.83431435,Other Cuisines
The Golden Triangle Restaurant,South Yarra,Seats - Indoor,60,144.982267428,-37.83435079,Other Cuisines
Bistro Gitan,South Yarra,Seats - Indoor,74,144.979309745,-37.83713808,Western / Pub / Bistro
My Serendipity Cafe,Melbourne (Remainder),Seats - Outdoor,12,144.982663953,-37.84633593,Cafe / Coffee Shop
Parkside,Parkville,Seats - Indoor,60,144.958562594,-37.7849288,Other Cuisines
Sargon Food And Coffee,Parkville,Seats - Indoor,25,144.956578445,-37.80009421,Cafe / Coffee Shop
Super 8,Parkville,Seats - Outdoor,40,144.956578445,-37.80009421,Other Cuisines
Dr Brew Cafe,Parkville,Seats - Indoor,45,144.949547006,-37.79372054,Cafe / Coffee Shop
Dr Brew Cafe,Parkville,Seats - Outdoor,20,144.949547006,-37.79372054,Cafe / Coffee Shop
McDonalds,Parkville,Seats - Indoor,32,144.949547006,-37.79372054,Other Cuisines
Shuji Sushi,Parkville,Seats - Indoor,32,144.949547006,-37.79372054,Japanese
The Farmacy Restaurant,Parkville,Seats - Indoor,86,144.949547006,-37.79372054,Other Cuisines
Gaylord Indian Restaurant,Docklands,Seats - Indoor,150,144.954158694,-37.82020557,Indian
Code 3,Docklands,Seats - Outdoor,66,144.950998069,-37.81379938,Other Cuisines
Grill'd,Docklands,Seats - Indoor,88,144.952339293,-37.81815357,Western / Pub / Bistro
Hungry Jack's,Docklands,Seats - Indoor,100,144.952339293,-37.81815357,Other Cuisines
In A Rush Espresso,Docklands,Seats - Indoor,32,144.952339293,-37.81815357,Cafe / Coffee Shop
Papparich,Docklands,Seats - Indoor,24,144.952339293,-37.81815357,Other Cuisines
Coffee Rush,Docklands,Seats - Indoor,4,144.951186966,-37.81501701,Cafe / Coffee Shop
Hangar Cafe Spencer Street,Docklands,Seats - Indoor,98,144.951186966,-37.81501701,Cafe / Coffee Shop
Coffee N All Customs House,Docklands,Seats - Outdoor,30,144.945340212,-37.81453857,Cafe / Coffee Shop
Cafenatics,Docklands,Seats - Indoor,96,144.94676167,-37.81384278,Cafe / Coffee Shop
Ilza,Docklands,Seats - Indoor,28,144.947536811,-37.81486994,Other Cuisines
Ichimaki,Docklands,Seats - Indoor,60,144.949373281,-37.81733573,Other Cuisines
90 Secondi,Docklands,Seats - Indoor,130,144.949373281,-37.81733573,Other Cuisines
Story Coffee & Foodstore,Docklands,Seats - Outdoor,12,144.949373281,-37.81733573,Cafe / Coffee Shop
Harbour Cafe,Docklands,Seats - Indoor,64,144.947217029,-37.81817241,Cafe / Coffee Shop
Pizzarium,Docklands,Seats - Outdoor,20,144.947217029,-37.81817241,Italian
Capricho Grill,Docklands,Seats - Indoor,80,144.947217029,-37.81817241,Western / Pub / Bistro
Origami Sushi & Noodles,Docklands,Seats - Indoor,10,144.947217029,-37.81817241,Japanese
Tukk & Co,Docklands,Seats - Indoor,20,144.949017581,-37.81792089,Other Cuisines
Bruno's,Docklands,Seats - Indoor,23,144.949017581,-37.81792089,Other Cuisines
Ginger Leaf Thai Restaurant,Docklands,Seats - Indoor,70,144.947975341,-37.81925128,Thai
Mms Mirchi Madras Streat,Docklands,Seats - Indoor,36,144.947975341,-37.81925128,Other Cuisines
Sergy Boy,Docklands,Seats - Indoor,68,144.951576469,-37.82019801,Other Cuisines
Fishbowl,Docklands,Seats - Indoor,32,144.951576469,-37.82019801,Other Cuisines
O-Bento,Docklands,Seats - Outdoor,20,144.948951865,-37.81914692,Japanese
Nine Elephants Thai Restaurant,Docklands,Seats - Outdoor,36,144.948951865,-37.81914692,Thai
Long Shot,Docklands,Seats - Indoor,55,144.950091314,-37.82068417,Other Cuisines
Mr Collins,Docklands,Seats - Outdoor,59,144.94943448,-37.82089145,Other Cuisines
Subway,Docklands,Seats - Indoor,24,144.94943448,-37.82089145,Other Cuisines
Blended Beard,Docklands,Seats - Indoor,32,144.943968986,-37.81927362,Other Cuisines
Coffee Gauge,Docklands,Seats - Indoor,68,144.944144701,-37.82029136,Cafe / Coffee Shop
Grain & Vine on Merchant,Docklands,Seats - Indoor,6,144.943459922,-37.82044557,Other Cuisines
Merchant Society,Docklands,Seats - Outdoor,25,144.943459922,-37.82044557,Other Cuisines
Tap 831,Docklands,Seats - Outdoor,58,144.943459922,-37.82044557,Other Cuisines
An Di Docklands,Docklands,Seats - Indoor,100,144.943788121,-37.82092615,Other Cuisines
Pok Pok,Docklands,Seats - Outdoor,15,144.945620861,-37.81974585,Other Cuisines
Tsukino Snizuku,Docklands,Seats - Outdoor,15,144.944683539,-37.81993674,Other Cuisines
Elements Cafe,Docklands,Seats - Outdoor,60,144.945764329,-37.82205735,Cafe / Coffee Shop
Ichimaki 833 Collins,Docklands,Seats - Indoor,40,144.945764329,-37.82205735,Other Cuisines
In A Rush Espresso,Docklands,Seats - Indoor,35,144.945764329,-37.82205735,Cafe / Coffee Shop
Charlie bit me,Docklands,Seats - Outdoor,16,144.945046845,-37.82100111,Other Cuisines
Le-Nguyen Pho & Bakery Cafe,Docklands,Seats - Indoor,91,144.945046845,-37.82100111,Vietnamese
O-Bento,Docklands,Seats - Outdoor,26,144.945046845,-37.82100111,Japanese
Saluministi,Docklands,Seats - Indoor,44,144.941406774,-37.82007613,Other Cuisines
Little Bean Dockside,Docklands,Seats - Indoor,75,144.944532756,-37.82092961,Other Cuisines
Thai Thani Docklands,Docklands,Seats - Indoor,53,144.943933222,-37.82163103,Thai
Chilangos Mexican Cantina Docklands,Docklands,Seats - Outdoor,15,144.943933222,-37.82163103,Mexican
Horn And Hoof,Docklands,Seats - Indoor,30,144.941261396,-37.81460532,Other Cuisines
Renzo's Bar Cafe Italiano,Docklands,Seats - Outdoor,90,144.941261396,-37.81460532,Italian
Brotherhood Cafe,Docklands,Seats - Outdoor,24,144.940659333,-37.8149263,Cafe / Coffee Shop
Docklands Lotus Restaurant,Docklands,Seats - Indoor,125,144.943683537,-37.81389099,Other Cuisines
Almina @ Docklands,Docklands,Seats - Indoor,150,144.93905572,-37.81518961,Other Cuisines
Cocobei,Docklands,Seats - Outdoor,24,144.939704199,-37.8147229,Other Cuisines
Docklands Den,Docklands,Seats - Indoor,54,144.940199413,-37.81427742,Other Cuisines
DUCK ME,Docklands,Seats - Indoor,50,144.940199413,-37.81427742,Other Cuisines
Evergreen Cafe And Pizzeria,Docklands,Seats - Indoor,20,144.940199413,-37.81427742,Italian
Daybreak Cafe,Docklands,Seats - Indoor,40,144.939410985,-37.81220918,Cafe / Coffee Shop
Archer's,Docklands,Seats - Indoor,48,144.937857365,-37.8131707,Other Cuisines
Gozleme King,Docklands,Seats - Outdoor,30,144.937857365,-37.8131707,Other Cuisines
Subway,Docklands,Seats - Indoor,6,144.937857365,-37.8131707,Other Cuisines
Subway,Docklands,Seats - Outdoor,40,144.937857365,-37.8131707,Other Cuisines
Nando's,Docklands,Seats - Indoor,35,144.937857365,-37.8131707,Other Cuisines
Nando's,Docklands,Seats - Outdoor,50,144.937857365,-37.8131707,Other Cuisines
The Coffee Club,Docklands,Seats - Indoor,50,144.937857365,-37.8131707,Cafe / Coffee Shop
Old Man Pho,Docklands,Seats - Indoor,10,144.937857365,-37.8131707,Vietnamese
Krabby's Crab Boil,Docklands,Seats - Indoor,100,144.937857365,-37.8131707,Other Cuisines
The Coffee Club,Docklands,Seats - Outdoor,100,144.937857365,-37.8131707,Cafe / Coffee Shop
The Pancake Parlour,Docklands,Seats - Indoor,163,144.93675199,-37.81174852,Other Cuisines
Carl's Jr Docklands,Docklands,Seats - Indoor,48,144.93675199,-37.81174852,Other Cuisines
Them Authentic Vietnamese Cuisine & Rolls,Docklands,Seats - Indoor,18,144.952548545,-37.82290352,Vietnamese
Perso,Docklands,Seats - Indoor,24,144.952548545,-37.82290352,Other Cuisines
Bababoi,Docklands,Seats - Indoor,28,144.952548545,-37.82290352,Other Cuisines
Chicken Episode 2.5,Kensington,Seats - Indoor,24,144.928699415,-37.79404907,Other Cuisines
Pimm Thai Cafe,Kensington,Seats - Outdoor,10,144.929915372,-37.79353782,Thai
La Tortilleria,Kensington,Seats - Indoor,30,144.93530104,-37.79142188,Other Cuisines
Luncheonette Cafe,Kensington,Seats - Indoor,12,144.931113097,-37.79436218,Cafe / Coffee Shop
Food Hall,Melbourne (CBD),Seats - Outdoor,20,144.956518441,-37.82099397,Other Cuisines
Tokyo Maki,Melbourne (CBD),Seats - Indoor,47,144.956518441,-37.82099397,Other Cuisines
Green Light Diner @ Clocks,Melbourne (CBD),Seats - Indoor,78,144.965469605,-37.81866337,Other Cuisines
Chocolate Buddha,Melbourne (CBD),Seats - Indoor,110,144.969917465,-37.81784465,Other Cuisines
The Fresh Collective,Melbourne (CBD),Seats - Indoor,120,144.969917465,-37.81784465,Other Cuisines
Big Esso,Melbourne (CBD),Seats - Outdoor,100,144.969917465,-37.81784465,Other Cuisines
Mama's Canteen,Melbourne (CBD),Seats - Indoor,75,144.969917465,-37.81784465,Other Cuisines
Mama's Canteen,Melbourne (CBD),Seats - Outdoor,100,144.969917465,-37.81784465,Other Cuisines
Victoria By Farmers Daughters,Melbourne (CBD),Seats - Indoor,200,144.969917465,-37.81784465,Other Cuisines
Delhi Streets,Melbourne (CBD),Seats - Indoor,28,144.956601666,-37.81988483,Other Cuisines
Grain Store,Melbourne (CBD),Seats - Indoor,75,144.956601666,-37.81988483,Other Cuisines
State Of Grace,Melbourne (CBD),Seats - Outdoor,123,144.956948504,-37.81975559,Other Cuisines
Cherry & Twigs,Melbourne (CBD),Seats - Indoor,20,144.955837928,-37.82001952,Other Cuisines
Riverside Deli & Coffee House,Melbourne (CBD),Seats - Indoor,50,144.958272108,-37.81974183,Cafe / Coffee Shop
Williams Bar & Café,Melbourne (CBD),Seats - Indoor,100,144.959510539,-37.81943285,Western / Pub / Bistro
Chatorey – The Indian Streetory,Melbourne (CBD),Seats - Outdoor,9,144.959187534,-37.8192157,Indian
Chatorey – The Indian Streetory,Melbourne (CBD),Seats - Indoor,12,144.959187534,-37.8192157,Indian
Tavistock House Cafe,Melbourne (CBD),Seats - Outdoor,40,144.961389009,-37.81825093,Cafe / Coffee Shop
Simpsons Burgers,Melbourne (CBD),Seats - Indoor,23,144.961133901,-37.81848796,Western / Pub / Bistro
Pho Flinders Express,Melbourne (CBD),Seats - Indoor,38,144.964607913,-37.81805665,Vietnamese
Hungry Jack's,Melbourne (CBD),Seats - Indoor,35,144.964446552,-37.81771533,Other Cuisines
Del Corso,Melbourne (CBD),Seats - Indoor,64,144.962744469,-37.81786011,Other Cuisines
Sushi Lian,Melbourne (CBD),Seats - Indoor,27,144.962709758,-37.81858716,Japanese
Mr Tompkins,Melbourne (CBD),Seats - Indoor,85,144.963575985,-37.8182001,Other Cuisines
Old Durbar Flinders,Melbourne (CBD),Seats - Indoor,87,144.964353676,-37.81807489,Western / Pub / Bistro
Cm & Co Coffee Roasters,Melbourne (CBD),Seats - Outdoor,12,144.962437455,-37.81798973,Cafe / Coffee Shop
Shujinko Flinders,Melbourne (CBD),Seats - Indoor,46,144.96509495,-37.81763649,Other Cuisines
Roule Galette,Melbourne (CBD),Seats - Indoor,24,144.966302712,-37.81685974,Other Cuisines
The Journal Cafe,Melbourne (CBD),Seats - Indoor,83,144.965902771,-37.81706291,Cafe / Coffee Shop
Cafe Andiamo,Melbourne (CBD),Seats - Indoor,44,144.965902771,-37.81706291,Cafe / Coffee Shop
Degraves Espresso Melbourne,Melbourne (CBD),Seats - Indoor,31,144.965484351,-37.81710105,Cafe / Coffee Shop
Xpressomondo,Melbourne (CBD),Seats - Indoor,22,144.965484351,-37.81710105,Other Cuisines
Xpressomondo,Melbourne (CBD),Seats - Outdoor,18,144.965484351,-37.81710105,Other Cuisines
Platform 270,Melbourne (CBD),Seats - Indoor,60,144.965348361,-37.81769553,Other Cuisines
Howm,Melbourne (CBD),Seats - Indoor,30,144.965997298,-37.81752037,Other Cuisines
Flora Indian Restaurant & Cafe,Melbourne (CBD),Seats - Indoor,140,144.966353165,-37.81733218,Indian
Subway,Melbourne (CBD),Seats - Indoor,28,144.966704047,-37.81674222,Other Cuisines
Ikkoryu Fukuoka Ramen,Melbourne (CBD),Seats - Indoor,223,144.969247753,-37.81598753,Japanese
The French Brasserie,Melbourne (CBD),Seats - Outdoor,15,144.971726206,-37.81546152,Other Cuisines
Swiss Club Restaurant,Melbourne (CBD),Seats - Indoor,100,144.971392515,-37.81542975,Other Cuisines
Tazio,Melbourne (CBD),Seats - Indoor,302,144.971222799,-37.81543505,Other Cuisines
Cafe Kinetic,Melbourne (CBD),Seats - Outdoor,21,144.970964282,-37.81556733,Cafe / Coffee Shop
Bullrun on Bourke,Melbourne (CBD),Seats - Outdoor,8,144.970834339,-37.81560645,Other Cuisines
Father's Office Downtown,Melbourne (CBD),Seats - Indoor,169,144.970513131,-37.81567008,Other Cuisines
Chin Chin Restaurant,Melbourne (CBD),Seats - Indoor,120,144.970399793,-37.81568875,Other Cuisines
Meatball & Wine Bar,Melbourne (CBD),Seats - Outdoor,36,144.9701585,-37.81573536,Western / Pub / Bistro
Meatball & Wine Bar,Melbourne (CBD),Seats - Indoor,53,144.9701585,-37.81573536,Western / Pub / Bistro
Coda Bar & Restaurant,Melbourne (CBD),Seats - Indoor,60,144.969879827,-37.81579783,Western / Pub / Bistro
Desi Dhaba,Melbourne (CBD),Seats - Indoor,90,144.970430362,-37.81629562,Other Cuisines
Pastuso,Melbourne (CBD),Seats - Indoor,170,144.971154413,-37.81600001,Other Cuisines
A Hereford Beefstouw,Melbourne (CBD),Seats - Indoor,120,144.971370668,-37.81593915,Other Cuisines
Tonka Bar & Restaurant,Melbourne (CBD),Seats - Indoor,120,144.971473485,-37.81589712,Western / Pub / Bistro
Bowery To Williamsburg,Melbourne (CBD),Seats - Indoor,20,144.970291127,-37.8161284,Other Cuisines
Lucy Liu's Kitchen & Bar,Melbourne (CBD),Seats - Indoor,100,144.969894808,-37.81599798,Western / Pub / Bistro
Robata,Melbourne (CBD),Seats - Indoor,150,144.972720907,-37.8154618,Other Cuisines
Frankie Collins,Melbourne (CBD),Seats - Indoor,24,144.956361856,-37.81880406,Other Cuisines
Namoo Japanese Cafe,Melbourne (CBD),Seats - Indoor,10,144.955727469,-37.81902044,Japanese
Little Sparrow,Melbourne (CBD),Seats - Indoor,28,144.955727469,-37.81902044,Other Cuisines
Stockroom567,Melbourne (CBD),Seats - Indoor,90,144.955727469,-37.81902044,Other Cuisines
Earl Canteen,Melbourne (CBD),Seats - Indoor,6,144.955727469,-37.81902044,Other Cuisines
Earl Canteen,Melbourne (CBD),Seats - Outdoor,22,144.955727469,-37.81902044,Other Cuisines
Schmucks Bagels,Melbourne (CBD),Seats - Indoor,30,144.955727469,-37.81902044,Other Cuisines
Krispy Kreme,Melbourne (CBD),Seats - Indoor,28,144.95469003,-37.81929311,Other Cuisines
Ronnie’s Melbourne,Melbourne (CBD),Seats - Indoor,140,144.958118475,-37.81853877,Other Cuisines
Saint Marc,Melbourne (CBD),Seats - Outdoor,40,144.957538457,-37.81866171,Other Cuisines
Rustica,Melbourne (CBD),Seats - Outdoor,20,144.957538457,-37.81866171,Other Cuisines
Collins Coffee House,Melbourne (CBD),Seats - Outdoor,6,144.961438973,-37.8173062,Cafe / Coffee Shop
Bluebag,Melbourne (CBD),Seats - Outdoor,10,144.961113101,-37.81745676,Other Cuisines
Warabi,Melbourne (CBD),Seats - Indoor,26,144.959868643,-37.8180082,Other Cuisines
Oak and Vine,Melbourne (CBD),Seats - Indoor,188,144.960828266,-37.81778076,Other Cuisines
Starbase Cafe,Melbourne (CBD),Seats - Indoor,22,144.961614304,-37.81773812,Cafe / Coffee Shop
O-Bento,Melbourne (CBD),Seats - Indoor,60,144.962788805,-37.81722704,Japanese
O-Bento,Melbourne (CBD),Seats - Outdoor,8,144.962788805,-37.81722704,Japanese
Aagaman Restaurant,Melbourne (CBD),Seats - Indoor,63,144.963897021,-37.81719967,Other Cuisines
Northeast China Family,Melbourne (CBD),Seats - Indoor,124,144.963897021,-37.81719967,Chinese
Kan Eang By Thai Culinary,Melbourne (CBD),Seats - Indoor,75,144.963897021,-37.81719967,Thai
Eliana Lulu,Melbourne (CBD),Seats - Outdoor,18,144.965474376,-37.81664468,Other Cuisines
Cafe Vicolino,Melbourne (CBD),Seats - Outdoor,24,144.965474376,-37.81664468,Cafe / Coffee Shop
Aix Cafe,Melbourne (CBD),Seats - Indoor,13,144.965596537,-37.8166033,Cafe / Coffee Shop
Aix Cafe,Melbourne (CBD),Seats - Outdoor,8,144.965596537,-37.8166033,Cafe / Coffee Shop
Cafe Issus,Melbourne (CBD),Seats - Indoor,40,144.965596537,-37.8166033,Cafe / Coffee Shop
Eurolane Cafe,Melbourne (CBD),Seats - Outdoor,10,144.965596537,-37.8166033,Cafe / Coffee Shop
Om Vegetarian,Melbourne (CBD),Seats - Indoor,17,144.966330378,-37.81584476,Other Cuisines
Three Drops Espresso,Melbourne (CBD),Seats - Outdoor,25,144.966330378,-37.81584476,Cafe / Coffee Shop
Fishbowl,Melbourne (CBD),Seats - Indoor,16,144.965962351,-37.81649503,Other Cuisines
Ginger Olive Restaurant and Grill,Melbourne (CBD),Seats - Outdoor,40,144.966200647,-37.81642646,Western / Pub / Bistro
Ginger Olive Restaurant and Grill,Melbourne (CBD),Seats - Indoor,90,144.966200647,-37.81642646,Western / Pub / Bistro
Supernormal,Melbourne (CBD),Seats - Indoor,170,144.968289135,-37.81563788,Other Cuisines
Box Seafood Restaurant,Melbourne (CBD),Seats - Outdoor,20,144.967706535,-37.81546677,Other Cuisines
Binary Cafe,Melbourne (CBD),Seats - Indoor,60,144.970749785,-37.81492031,Cafe / Coffee Shop
Collins Kitchen,Melbourne (CBD),Seats - Indoor,360,144.969846661,-37.81516811,Other Cuisines
No35,Melbourne (CBD),Seats - Indoor,200,144.972628037,-37.81430615,Other Cuisines
Dame Melbourne,Melbourne (CBD),Seats - Outdoor,40,144.972628037,-37.81430615,Other Cuisines
The Atrium on 35,Melbourne (CBD),Seats - Indoor,150,144.972628037,-37.81430615,Other Cuisines
Sofi's Lounge,Melbourne (CBD),Seats - Indoor,80,144.972628037,-37.81430615,Other Cuisines
Asian Pavilion,Melbourne (CBD),Seats - Outdoor,13,144.972628037,-37.81430615,Other Cuisines
Laurent,Melbourne (CBD),Seats - Indoor,54,144.972628037,-37.81430615,Other Cuisines
Di Stasio Citta,Melbourne (CBD),Seats - Indoor,85,144.973948408,-37.81419762,Other Cuisines
McDonalds,Melbourne (CBD),Seats - Indoor,36,144.954350485,-37.81867544,Other Cuisines
Don Don Japanese Restaurant,Melbourne (CBD),Seats - Indoor,41,144.955844585,-37.81824464,Japanese
Il Mercato Centrale,Melbourne (CBD),Seats - Outdoor,60,144.955844585,-37.81824464,Italian
Ela Cafe,Melbourne (CBD),Seats - Outdoor,6,144.955443941,-37.81787118,Cafe / Coffee Shop
Spicy Korea,Melbourne (CBD),Seats - Indoor,46,144.954905366,-37.81802782,Other Cuisines
Brim CC,Melbourne (CBD),Seats - Indoor,18,144.954905366,-37.81802782,Other Cuisines
Piccolo Me,Melbourne (CBD),Seats - Indoor,28,144.954365839,-37.81818484,Other Cuisines
Dreami Cake,Melbourne (CBD),Seats - Indoor,8,144.957473189,-37.81753383,Other Cuisines
Henry and the Fox,Melbourne (CBD),Seats - Indoor,181,144.957473189,-37.81753383,Other Cuisines
Henry and the Fox,Melbourne (CBD),Seats - Outdoor,100,144.957473189,-37.81753383,Other Cuisines
Royal Stacks,Melbourne (CBD),Seats - Outdoor,26,144.958333858,-37.81753764,Other Cuisines
At The George,Melbourne (CBD),Seats - Indoor,10,144.958333858,-37.81753764,Other Cuisines
Royal Stacks,Melbourne (CBD),Seats - Indoor,65,144.958333858,-37.81753764,Other Cuisines
Curry Vault,Melbourne (CBD),Seats - Outdoor,14,144.960522489,-37.81642893,Indian
N Lee Bakery,Melbourne (CBD),Seats - Indoor,20,144.959996443,-37.81679183,Cafe / Coffee Shop
Taco Bill Collins Street,Melbourne (CBD),Seats - Indoor,80,144.960488995,-37.81698961,Mexican
Terrace Deli,Melbourne (CBD),Seats - Outdoor,32,144.959550019,-37.81660734,Other Cuisines
Reine & La Rue,Melbourne (CBD),Seats - Indoor,125,144.961718566,-37.81629382,Other Cuisines
Sushi & Nori Melbourne,Melbourne (CBD),Seats - Indoor,29,144.962184393,-37.81615528,Japanese
Little Ramen Bar,Melbourne (CBD),Seats - Indoor,64,144.962688973,-37.81601764,Japanese
Decennium Australia,Melbourne (CBD),Seats - Indoor,29,144.963497878,-37.81592157,Other Cuisines
Sulhwa,Melbourne (CBD),Seats - Indoor,20,144.963293794,-37.81554941,Other Cuisines
Momo Central,Melbourne (CBD),Seats - Indoor,40,144.963293794,-37.81554941,Other Cuisines
Industry Beans Lt Collins,Melbourne (CBD),Seats - Indoor,9,144.963293794,-37.81554941,Other Cuisines
Blahnik Corporate Catering,Melbourne (CBD),Seats - Indoor,70,144.963293794,-37.81554941,Other Cuisines
Quando Quando Cucina & Bar,Melbourne (CBD),Seats - Indoor,54,144.962439132,-37.81585501,Western / Pub / Bistro
11 Inch Pizza,Melbourne (CBD),Seats - Outdoor,12,144.962984348,-37.81570426,Italian
Sambar Restaurant,Melbourne (CBD),Seats - Outdoor,12,144.962984348,-37.81570426,Western / Pub / Bistro
Da Guido 365,Melbourne (CBD),Seats - Indoor,58,144.962811541,-37.81581721,Other Cuisines
Da Guido 365,Melbourne (CBD),Seats - Outdoor,16,144.962811541,-37.81581721,Other Cuisines
Barbarella Gelato & Wine,Melbourne (CBD),Seats - Indoor,35,144.964428319,-37.81561893,Italian
Le Petit Chateau,Melbourne (CBD),Seats - Outdoor,28,144.964428319,-37.81561893,Cafe / Coffee Shop
Casa Frida,Melbourne (CBD),Seats - Outdoor,8,144.964225403,-37.81528948,Other Cuisines
Cafe Segovia,Melbourne (CBD),Seats - Outdoor,8,144.964225403,-37.81528948,Cafe / Coffee Shop
Cafe Segovia,Melbourne (CBD),Seats - Indoor,10,144.964225403,-37.81528948,Cafe / Coffee Shop
Cafe Brown Sugar,Melbourne (CBD),Seats - Outdoor,12,144.964225403,-37.81528948,Cafe / Coffee Shop
Cafe Brown Sugar,Melbourne (CBD),Seats - Indoor,30,144.964225403,-37.81528948,Cafe / Coffee Shop
Starbucks,Melbourne (CBD),Seats - Outdoor,16,144.965777332,-37.81507697,Cafe / Coffee Shop
Kim Sing Restaurant,Melbourne (CBD),Seats - Outdoor,10,144.965777332,-37.81507697,Other Cuisines
Dots Japanese,Melbourne (CBD),Seats - Indoor,56,144.965885145,-37.81482941,Japanese
Mister Munro,Melbourne (CBD),Seats - Indoor,100,144.967094279,-37.81447237,Other Cuisines
Harry's Jungle,Melbourne (CBD),Seats - Outdoor,8,144.969767558,-37.8136886,Other Cuisines
St Ali Canteen,Melbourne (CBD),Seats - Indoor,28,144.972472392,-37.81346244,Other Cuisines
Tsuru,Melbourne (CBD),Seats - Indoor,50,144.972706442,-37.8129051,Other Cuisines
Lupino,Melbourne (CBD),Seats - Outdoor,20,144.972393222,-37.81279876,Other Cuisines
Raya Food Concept,Melbourne (CBD),Seats - Indoor,20,144.971695294,-37.81309819,Other Cuisines
Warkop CBD,Melbourne (CBD),Seats - Outdoor,10,144.973183613,-37.81260038,Other Cuisines
Spin Coffee,Melbourne (CBD),Seats - Outdoor,30,144.955552859,-37.81677365,Cafe / Coffee Shop
Doughboys Doughnuts,Melbourne (CBD),Seats - Outdoor,24,144.957813206,-37.81636534,Other Cuisines
Zuppa,Melbourne (CBD),Seats - Indoor,30,144.957813206,-37.81636534,Other Cuisines
Brioche by Philip,Melbourne (CBD),Seats - Outdoor,4,144.957813206,-37.81636534,Other Cuisines
Ca Fe In Melbourne,Melbourne (CBD),Seats - Outdoor,12,144.956668779,-37.81651426,Other Cuisines
Time-Lapse Brewers,Melbourne (CBD),Seats - Indoor,21,144.956773974,-37.81695942,Other Cuisines
Momo Chaa,Melbourne (CBD),Seats - Indoor,25,144.956773974,-37.81695942,Other Cuisines
Fiord,Melbourne (CBD),Seats - Outdoor,12,144.956773974,-37.81695942,Other Cuisines
Chancery Lane,Melbourne (CBD),Seats - Outdoor,105,144.960110059,-37.81596878,Other Cuisines
Starbucks,Melbourne (CBD),Seats - Indoor,42,144.962944195,-37.81491502,Cafe / Coffee Shop
Belle's Hot Chicken Galleria,Melbourne (CBD),Seats - Indoor,106,144.962944195,-37.81491502,Other Cuisines
Greenstreat,Melbourne (CBD),Seats - Indoor,20,144.961741069,-37.81560573,Other Cuisines
Oriental Tea House,Melbourne (CBD),Seats - Indoor,110,144.962020616,-37.81551671,Cafe / Coffee Shop
Hopetoun Bakehouse,Melbourne (CBD),Seats - Outdoor,8,144.961818541,-37.81514598,Other Cuisines
Caffe E Torta,Melbourne (CBD),Seats - Indoor,28,144.96404895,-37.81458812,Other Cuisines
Caffe E Torta,Melbourne (CBD),Seats - Outdoor,28,144.96404895,-37.81458812,Other Cuisines
Street Taste,Melbourne (CBD),Seats - Indoor,24,144.963742996,-37.81484304,Other Cuisines
Street Taste,Melbourne (CBD),Seats - Outdoor,7,144.963742996,-37.81484304,Other Cuisines
Gourmet Curry Hut,Melbourne (CBD),Seats - Outdoor,18,144.964012048,-37.81488174,Indian
Laurent Boulangerie Patisserie,Melbourne (CBD),Seats - Indoor,80,144.964348552,-37.81473293,Cafe / Coffee Shop
Laurent Boulangerie Patisserie,Melbourne (CBD),Seats - Outdoor,30,144.964348552,-37.81473293,Cafe / Coffee Shop
Gopal's Vegetarian Restaurant,Melbourne (CBD),Seats - Indoor,72,144.965735021,-37.8144111,Other Cuisines
Crossways Vegetarian And Vegan Restaurant,Melbourne (CBD),Seats - Indoor,63,144.965685091,-37.81429892,Other Cuisines
KFC,Melbourne (CBD),Seats - Indoor,50,144.967526278,-37.81323955,Other Cuisines
Marameo,Melbourne (CBD),Seats - Outdoor,40,144.967580615,-37.81390779,Other Cuisines
Meating Korean BBQ,Melbourne (CBD),Seats - Indoor,80,144.969042212,-37.81278439,Korean
Straight Outta Saigon,Melbourne (CBD),Seats - Indoor,47,144.96841676,-37.81298798,Vietnamese
Dumpling Kingdom,Melbourne (CBD),Seats - Outdoor,24,144.970109211,-37.81281453,Chinese
Dumpling Kingdom,Melbourne (CBD),Seats - Indoor,16,144.970109211,-37.81281453,Chinese
Axil Coffee Roasters,Melbourne (CBD),Seats - Indoor,50,144.970109211,-37.81281453,Italian
Crisp Creative Salad,Melbourne (CBD),Seats - Indoor,7,144.970109211,-37.81281453,Other Cuisines
Amie's Bakery,Melbourne (CBD),Seats - Outdoor,33,144.970109211,-37.81281453,Cafe / Coffee Shop
Crisp Creative Salad,Melbourne (CBD),Seats - Outdoor,24,144.970109211,-37.81281453,Other Cuisines
Embla,Melbourne (CBD),Seats - Indoor,50,144.968715379,-37.8134296,Other Cuisines
Embla,Melbourne (CBD),Seats - Outdoor,8,144.968715379,-37.8134296,Other Cuisines
Sezar,Melbourne (CBD),Seats - Indoor,100,144.968975222,-37.81350285,Other Cuisines
Postal Hall,Melbourne (CBD),Seats - Indoor,35,144.968975222,-37.81350285,Other Cuisines
Thaibaan,Melbourne (CBD),Seats - Indoor,70,144.97179666,-37.81200666,Thai
Beef Rice Noodle Bar,Melbourne (CBD),Seats - Indoor,16,144.970902899,-37.812234,Chinese
Antara 128,Melbourne (CBD),Seats - Outdoor,10,144.971175434,-37.81257803,Other Cuisines
Pizza Pizza Pizza,Melbourne (CBD),Seats - Outdoor,5,144.972450949,-37.81221616,Italian
La Cucina Melbourne,Melbourne (CBD),Seats - Indoor,78,144.954814617,-37.81601898,Other Cuisines
Brightside Bagels,Melbourne (CBD),Seats - Indoor,20,144.955325332,-37.81622847,Other Cuisines
Woodo,Melbourne (CBD),Seats - Indoor,130,144.955205085,-37.81596556,Other Cuisines
Royal Stacks,Melbourne (CBD),Seats - Indoor,48,144.954037087,-37.81626997,Other Cuisines
filly and fair,Melbourne (CBD),Seats - Indoor,62,144.95610726,-37.81571392,Other Cuisines
Nando's Bourke Place,Melbourne (CBD),Seats - Indoor,46,144.95610726,-37.81571392,Other Cuisines
KEDAI SATAY,Melbourne (CBD),Seats - Indoor,75,144.955696598,-37.8156735,Other Cuisines
KEDAI SATAY,Melbourne (CBD),Seats - Outdoor,10,144.955696598,-37.8156735,Other Cuisines
La Di Da,Melbourne (CBD),Seats - Outdoor,80,144.955624348,-37.81551353,Other Cuisines
Slate Restaurant Bar,Melbourne (CBD),Seats - Outdoor,50,144.957392295,-37.81531863,Western / Pub / Bistro
Koko Korea,Melbourne (CBD),Seats - Indoor,50,144.957392295,-37.81531863,Other Cuisines
Rock the Wok,Melbourne (CBD),Seats - Outdoor,24,144.957392295,-37.81531863,Chinese
Rock the Wok,Melbourne (CBD),Seats - Indoor,16,144.957392295,-37.81531863,Chinese
Bluestones 520 Cafe,Melbourne (CBD),Seats - Outdoor,16,144.958386484,-37.81527349,Cafe / Coffee Shop
Luna Coffee Bar,Melbourne (CBD),Seats - Indoor,40,144.95876067,-37.81494883,Cafe / Coffee Shop
Stella,Melbourne (CBD),Seats - Indoor,80,144.95876067,-37.81494883,Other Cuisines
CBD Bakery,Melbourne (CBD),Seats - Indoor,20,144.95946409,-37.81506553,Cafe / Coffee Shop
Alibi Urban Gastropub,Melbourne (CBD),Seats - Indoor,80,144.959044223,-37.81456798,Western / Pub / Bistro
Namoo,Melbourne (CBD),Seats - Indoor,80,144.960224297,-37.81467989,Other Cuisines
Tropicana Juice Bar,Melbourne (CBD),Seats - Indoor,6,144.962547924,-37.81354034,Western / Pub / Bistro
Rice Paper Scissors,Melbourne (CBD),Seats - Outdoor,32,144.961405232,-37.8142907,Other Cuisines
Lulu's Char Koay Teow,Melbourne (CBD),Seats - Outdoor,20,144.961266412,-37.81398751,Other Cuisines
Pandan Dessert Bar,Melbourne (CBD),Seats - Outdoor,24,144.961266412,-37.81398751,Western / Pub / Bistro
Lulu's Char Koay Teow,Melbourne (CBD),Seats - Indoor,40,144.961266412,-37.81398751,Other Cuisines
Brother Baba Budan,Melbourne (CBD),Seats - Indoor,16,144.962170953,-37.81353263,Other Cuisines
Tipo 00,Melbourne (CBD),Seats - Indoor,42,144.961992587,-37.81358648,Other Cuisines
Bincho Boss,Melbourne (CBD),Seats - Indoor,60,144.961462944,-37.81377588,Other Cuisines
Maker Coffee,Melbourne (CBD),Seats - Outdoor,30,144.961393663,-37.81379622,Cafe / Coffee Shop
Triim,Melbourne (CBD),Seats - Outdoor,40,144.961204259,-37.81385129,Other Cuisines
Gracie,Melbourne (CBD),Seats - Indoor,15,144.961204259,-37.81385129,Other Cuisines
Palermo,Melbourne (CBD),Seats - Indoor,150,144.961034758,-37.81403195,Other Cuisines
Manchester Press,Melbourne (CBD),Seats - Indoor,63,144.96212614,-37.81387847,Other Cuisines
Khaosan Lane,Melbourne (CBD),Seats - Outdoor,80,144.963287893,-37.81360425,Other Cuisines
Federal Coffee,Melbourne (CBD),Seats - Indoor,52,144.963287893,-37.81360425,Cafe / Coffee Shop
Brunetti Myer Melbourne,Melbourne (CBD),Seats - Indoor,99,144.963829469,-37.81344503,Other Cuisines
The Salon,Melbourne (CBD),Seats - Indoor,54,144.963829469,-37.81344503,Other Cuisines
Superhiro,Melbourne (CBD),Seats - Indoor,98,144.965015724,-37.81284647,Other Cuisines
The Lucky Guys Cafe,Melbourne (CBD),Seats - Indoor,40,144.966295166,-37.81272047,Cafe / Coffee Shop
BlackBall at China Town,Melbourne (CBD),Seats - Outdoor,10,144.966876772,-37.81259409,Chinese
China Red,Melbourne (CBD),Seats - Indoor,120,144.966876772,-37.81259409,Chinese
Mrs Zan's Kitchen,Melbourne (CBD),Seats - Indoor,46,144.966876772,-37.81259409,Other Cuisines
Mr Ramen San,Melbourne (CBD),Seats - Indoor,28,144.967282791,-37.81244678,Japanese
Udon Yasan,Melbourne (CBD),Seats - Indoor,35,144.967688805,-37.81267583,Japanese
Westlake Restaurant,Melbourne (CBD),Seats - Indoor,200,144.966954809,-37.812194,Other Cuisines
Dessert Story,Melbourne (CBD),Seats - Indoor,60,144.966826432,-37.81221773,Other Cuisines
Hi Joopo Hot Pot,Melbourne (CBD),Seats - Indoor,26,144.965611705,-37.81278915,Other Cuisines
Instea,Melbourne (CBD),Seats - Indoor,20,144.965629089,-37.81282368,Cafe / Coffee Shop
McDonalds,Melbourne (CBD),Seats - Indoor,40,144.968247927,-37.81251216,Other Cuisines
Rising Embers,Melbourne (CBD),Seats - Indoor,120,144.968535908,-37.81206119,Other Cuisines
Red Emperor In Chinatown,Melbourne (CBD),Seats - Indoor,300,144.968857274,-37.81199769,Chinese
Flower Drum,Melbourne (CBD),Seats - Indoor,150,144.969264504,-37.81207094,Other Cuisines
Seven Star Bbq & Pocha Chinatown,Melbourne (CBD),Seats - Indoor,119,144.969102548,-37.81156159,Chinese
Momo / Gyoza Gyoza,Melbourne (CBD),Seats - Indoor,150,144.969010067,-37.81158808,Other Cuisines
Hutong Dumpling Bar,Melbourne (CBD),Seats - Indoor,110,144.969457819,-37.81187264,Chinese
Grossi Florentino,Melbourne (CBD),Seats - Outdoor,54,144.970847236,-37.81172969,Other Cuisines
Ombra,Melbourne (CBD),Seats - Indoor,75,144.97094423,-37.81170263,Other Cuisines
Ombra,Melbourne (CBD),Seats - Outdoor,11,144.97094423,-37.81170263,Other Cuisines
Pellegrini's Espresso Bar,Melbourne (CBD),Seats - Outdoor,13,144.971163378,-37.81165009,Cafe / Coffee Shop
Taco Bill Mexican Restaurant,Melbourne (CBD),Seats - Outdoor,12,144.971688988,-37.81137727,Mexican
The Butchers Diner And Spring Street Events,Melbourne (CBD),Seats - Indoor,20,144.97255541,-37.81123539,Other Cuisines
The Butchers Diner And Spring Street Events,Melbourne (CBD),Seats - Outdoor,24,144.97255541,-37.81123539,Other Cuisines
Becco,Melbourne (CBD),Seats - Outdoor,33,144.971014127,-37.81143018,Other Cuisines
Ruyi Modern Chinese,Melbourne (CBD),Seats - Indoor,49,144.97155135,-37.81106615,Chinese
Hochi Mama,Melbourne (CBD),Seats - Outdoor,24,144.971830017,-37.81094349,Other Cuisines
Daughter In Law,Melbourne (CBD),Seats - Indoor,80,144.971505869,-37.81083595,Other Cuisines
Punch Lane Wine Bar Restaurant,Melbourne (CBD),Seats - Outdoor,20,144.971362998,-37.81092017,Western / Pub / Bistro
City Wine Shop,Melbourne (CBD),Seats - Outdoor,60,144.972465071,-37.81099168,Other Cuisines
The European,Melbourne (CBD),Seats - Outdoor,18,144.972429029,-37.81095129,Other Cuisines
The Melbourne Supper Club,Melbourne (CBD),Seats - Indoor,90,144.972429029,-37.81095129,Other Cuisines
Mandarin Food Store,Melbourne (CBD),Seats - Indoor,6,144.954249339,-37.81498784,Other Cuisines
Bon Bon Boy - Spencer Street,Melbourne (CBD),Seats - Outdoor,20,144.953525588,-37.81537494,Other Cuisines
Higher Ground,Melbourne (CBD),Seats - Outdoor,22,144.953525588,-37.81537494,Other Cuisines
My Lost Piece,Melbourne (CBD),Seats - Indoor,30,144.953525588,-37.81537494,Other Cuisines
Salero Kito Padang On Rose Lane,Melbourne (CBD),Seats - Outdoor,6,144.953525588,-37.81537494,Other Cuisines
Food Factory,Melbourne (CBD),Seats - Indoor,30,144.953525588,-37.81537494,Other Cuisines
I Love Chicken,Melbourne (CBD),Seats - Indoor,40,144.953525588,-37.81537494,Other Cuisines
Scugnizzo Ristorante,Melbourne (CBD),Seats - Outdoor,14,144.955942078,-37.81491966,Italian
Lim Kopi,Melbourne (CBD),Seats - Indoor,55,144.956367186,-37.81477885,Other Cuisines
Dackie Maolatang Melbourne Pty Ltd,Melbourne (CBD),Seats - Indoor,20,144.95704074,-37.8146364,Other Cuisines
Kodai Sushi And Chicken,Melbourne (CBD),Seats - Indoor,23,144.95704074,-37.8146364,Japanese
Number 12,Melbourne (CBD),Seats - Indoor,70,144.95704074,-37.8146364,Other Cuisines
Oh Dumplings,Melbourne (CBD),Seats - Indoor,40,144.95704074,-37.8146364,Chinese
Schmucks Bagels,Melbourne (CBD),Seats - Indoor,18,144.95704074,-37.8146364,Other Cuisines
Schmucks Bagels,Melbourne (CBD),Seats - Outdoor,18,144.95704074,-37.8146364,Other Cuisines
Gasthaus On Queen,Melbourne (CBD),Seats - Outdoor,16,144.959907268,-37.81386745,Other Cuisines
Sool Tong,Melbourne (CBD),Seats - Outdoor,6,144.959907268,-37.81386745,Other Cuisines
Queensmith Baretto,Melbourne (CBD),Seats - Indoor,30,144.959754236,-37.81355361,Western / Pub / Bistro
Queensmith Baretto,Melbourne (CBD),Seats - Outdoor,30,144.959754236,-37.81355361,Western / Pub / Bistro
Speck Cafe,Melbourne (CBD),Seats - Outdoor,12,144.959754236,-37.81355361,Cafe / Coffee Shop
Mr Ramen San 2,Melbourne (CBD),Seats - Indoor,28,144.962283023,-37.81321386,Japanese
Shanghai Street,Melbourne (CBD),Seats - Indoor,30,144.962283023,-37.81321386,Chinese
Amigos Hardware Lane,Melbourne (CBD),Seats - Outdoor,40,144.960866676,-37.8131434,Other Cuisines
Max On Hardware,Melbourne (CBD),Seats - Outdoor,50,144.961262261,-37.81339488,Other Cuisines
Pho Thin,Melbourne (CBD),Seats - Indoor,30,144.961012082,-37.81288006,Vietnamese
Claypots Barbarossa,Melbourne (CBD),Seats - Indoor,50,144.960680876,-37.81303978,Western / Pub / Bistro
Pho Thin 13 Lo Duc,Melbourne (CBD),Seats - Outdoor,20,144.960680876,-37.81303978,Vietnamese
The Hardware Club,Melbourne (CBD),Seats - Indoor,55,144.961073493,-37.81359799,Other Cuisines
Kirk's Wine Bar,Melbourne (CBD),Seats - Indoor,28,144.96132824,-37.81354346,Western / Pub / Bistro
French Saloon,Melbourne (CBD),Seats - Outdoor,10,144.96132824,-37.81354346,Other Cuisines
+39 Pizzeria & Antipasteria,Melbourne (CBD),Seats - Indoor,66,144.961749522,-37.81327298,Italian
Peddler,Melbourne (CBD),Seats - Outdoor,20,144.960469712,-37.81352285,Other Cuisines
Old Man Pho,Melbourne (CBD),Seats - Indoor,46,144.963838585,-37.81245199,Vietnamese
Shanghai Taste,Melbourne (CBD),Seats - Indoor,80,144.963838585,-37.81245199,Chinese
Hai Di Lao Hot Pot,Melbourne (CBD),Seats - Indoor,56,144.963838585,-37.81245199,Other Cuisines
Thai Social,Melbourne (CBD),Seats - Indoor,78,144.963838585,-37.81245199,Thai
Torino Aperitivo,Melbourne (CBD),Seats - Outdoor,20,144.963127568,-37.81292437,Other Cuisines
Dragon Hot Pot,Melbourne (CBD),Seats - Indoor,42,144.964696179,-37.81221437,Other Cuisines
Biang Biang,Melbourne (CBD),Seats - Indoor,65,144.964672714,-37.81216387,Other Cuisines
Dooboo Korean Tofu House,Melbourne (CBD),Seats - Indoor,100,144.964625377,-37.81206228,Korean
International Cakes,Melbourne (CBD),Seats - Outdoor,20,144.966848584,-37.81118708,Other Cuisines
International Cakes,Melbourne (CBD),Seats - Indoor,73,144.966848584,-37.81118708,Other Cuisines
The Crane,Melbourne (CBD),Seats - Indoor,80,144.966279121,-37.81203584,Other Cuisines
Le Charme,Melbourne (CBD),Seats - Indoor,46,144.966941928,-37.81186912,Other Cuisines
Uncle Yoon Korean Restaurant,Melbourne (CBD),Seats - Indoor,55,144.967298399,-37.81169847,Korean
Dragon Hot Pot,Melbourne (CBD),Seats - Indoor,35,144.967236445,-37.81156166,Other Cuisines
Stalactites Restaurant,Melbourne (CBD),Seats - Outdoor,15,144.96703692,-37.81111923,Other Cuisines
Stalactites Restaurant,Melbourne (CBD),Seats - Indoor,150,144.96703692,-37.81111923,Other Cuisines
Master Lanzhou Noodle Bar,Melbourne (CBD),Seats - Indoor,90,144.965342244,-37.8121468,Chinese
Shanghai Dumpling,Melbourne (CBD),Seats - Indoor,90,144.965438531,-37.8118662,Chinese
Golmokgil,Melbourne (CBD),Seats - Indoor,50,144.967044866,-37.81172075,Other Cuisines
Shujinko,Melbourne (CBD),Seats - Indoor,48,144.967136218,-37.81134264,Other Cuisines
Sichuan House,Melbourne (CBD),Seats - Indoor,98,144.968324899,-37.8109979,Other Cuisines
Yang's Dumplings,Melbourne (CBD),Seats - Indoor,36,144.969540361,-37.81058324,Chinese
Bomba Tapas Bar and Rooftop,Melbourne (CBD),Seats - Indoor,118,144.969254088,-37.81049305,Western / Pub / Bistro
Seamstress,Melbourne (CBD),Seats - Indoor,20,144.969011069,-37.81056538,Other Cuisines
Encore Restaurant & Bar,Melbourne (CBD),Seats - Indoor,35,144.968530007,-37.81098009,Western / Pub / Bistro
Ohgam,Melbourne (CBD),Seats - Indoor,56,144.968260016,-37.81079362,Other Cuisines
Dainty Sichuan Food,Melbourne (CBD),Seats - Indoor,180,144.96801737,-37.81090617,Other Cuisines
Empress of China,Melbourne (CBD),Seats - Indoor,100,144.968908437,-37.81131622,Chinese
Ju Noodle,Melbourne (CBD),Seats - Indoor,34,144.967644342,-37.81098272,Other Cuisines
Pearl Diver Cocktails & Oysters,Melbourne (CBD),Seats - Indoor,113,144.97049616,-37.81055707,Other Cuisines
Secret Kitchen,Melbourne (CBD),Seats - Indoor,300,144.97049616,-37.81055707,Other Cuisines
Longrain Melbourne,Melbourne (CBD),Seats - Indoor,140,144.971182949,-37.81058998,Other Cuisines
Little Gordon,Melbourne (CBD),Seats - Indoor,30,144.971413781,-37.81033978,Other Cuisines
Sunda,Melbourne (CBD),Seats - Indoor,66,144.971108187,-37.81043132,Other Cuisines
Gillott Espresso,Melbourne (CBD),Seats - Indoor,25,144.972057848,-37.81012783,Cafe / Coffee Shop
House Of Kebabs,Melbourne (CBD),Seats - Indoor,21,144.954298289,-37.81392013,Middle Eastern
Zabb Nua,Melbourne (CBD),Seats - Indoor,30,144.954262107,-37.81381086,Other Cuisines
Gogi Matcha,Melbourne (CBD),Seats - Indoor,174,144.953829359,-37.81380956,Japanese
Gangnam Pocha,Melbourne (CBD),Seats - Indoor,37,144.954929347,-37.81372352,Korean
PAIK'S BBQ,Melbourne (CBD),Seats - Indoor,100,144.95639703,-37.81311232,Korean
Seoul Toast Bong,Melbourne (CBD),Seats - Outdoor,2,144.955565246,-37.81329521,Korean
Delicious Asian Cuisines & Pho,Melbourne (CBD),Seats - Indoor,24,144.955565246,-37.81329521,Vietnamese
Kappo Tora,Melbourne (CBD),Seats - Indoor,52,144.955565246,-37.81329521,Other Cuisines
Jang Gun Restaurant,Melbourne (CBD),Seats - Indoor,78,144.956016924,-37.8134766,Other Cuisines
Hakata Gensuke Healeys Lane,Melbourne (CBD),Seats - Indoor,24,144.956016924,-37.8134766,Other Cuisines
Liyin Rice Roll Master,Melbourne (CBD),Seats - Indoor,46,144.956016924,-37.8134766,Other Cuisines
Benny's Bakery Cafe,Melbourne (CBD),Seats - Outdoor,12,144.956016924,-37.8134766,Cafe / Coffee Shop
Seven Star Pocha,Melbourne (CBD),Seats - Outdoor,12,144.956016924,-37.8134766,Korean
Mankeumi,Melbourne (CBD),Seats - Indoor,20,144.96165032,-37.81190921,Other Cuisines
Pepper Lunch,Melbourne (CBD),Seats - Indoor,68,144.961561283,-37.81146864,Other Cuisines
Nimbo Pty Ltd,Melbourne (CBD),Seats - Indoor,14,144.960393602,-37.81210735,Other Cuisines
Mjolner Melbourne,Melbourne (CBD),Seats - Indoor,80,144.960680424,-37.81213605,Other Cuisines
Ten Square Cafe,Melbourne (CBD),Seats - Indoor,47,144.960703187,-37.81194755,Cafe / Coffee Shop
Bing Chillin,Melbourne (CBD),Seats - Indoor,53,144.960530585,-37.81240787,Other Cuisines
Dolan,Melbourne (CBD),Seats - Indoor,40,144.960960693,-37.81235069,Other Cuisines
Hanshin Pocha Melbourne,Melbourne (CBD),Seats - Indoor,108,144.960540527,-37.81181459,Korean
CJ Lunchbar,Melbourne (CBD),Seats - Indoor,36,144.960341087,-37.81187439,Western / Pub / Bistro
Pretty Boy Italian Steak House,Melbourne (CBD),Seats - Indoor,250,144.960137254,-37.81203671,Italian
Golden Mug Cafe,Melbourne (CBD),Seats - Indoor,50,144.960137254,-37.81203671,Cafe / Coffee Shop
Red Cliff Chinese Restaurant,Melbourne (CBD),Seats - Indoor,78,144.959946669,-37.81247757,Chinese
Where's Marcel?,Melbourne (CBD),Seats - Indoor,36,144.965703374,-37.810658,Other Cuisines
Cafe D Hong Kong,Melbourne (CBD),Seats - Indoor,60,144.965703374,-37.810658,Cafe / Coffee Shop
Cafe D Hong Kong,Melbourne (CBD),Seats - Outdoor,32,144.965703374,-37.810658,Cafe / Coffee Shop
Chocolateria San Churro QV,Melbourne (CBD),Seats - Outdoor,40,144.965703374,-37.810658,Other Cuisines
Fishbowl,Melbourne (CBD),Seats - Indoor,17,144.965703374,-37.810658,Other Cuisines
Papparich,Melbourne (CBD),Seats - Indoor,80,144.965703374,-37.810658,Other Cuisines
Papparich,Melbourne (CBD),Seats - Outdoor,40,144.965703374,-37.810658,Other Cuisines
Pepe's Italian & Liquor,Melbourne (CBD),Seats - Outdoor,200,144.968906571,-37.80938322,Italian
Mellow Beans,Melbourne (CBD),Seats - Outdoor,24,144.970732451,-37.8091842,Other Cuisines
Roll'd Lonsdale Street,Melbourne (CBD),Seats - Indoor,13,144.970732451,-37.8091842,Other Cuisines
All 4 U Cafe & Bar,Melbourne (CBD),Seats - Indoor,40,144.953234168,-37.81359291,Cafe / Coffee Shop
Le Will Cafe,Melbourne (CBD),Seats - Outdoor,80,144.955885513,-37.8124473,Cafe / Coffee Shop
Korea town melbourne,Melbourne (CBD),Seats - Outdoor,8,144.958660108,-37.81145082,Other Cuisines
Korea town melbourne,Melbourne (CBD),Seats - Indoor,90,144.958660108,-37.81145082,Other Cuisines
Ming Dining,Melbourne (CBD),Seats - Indoor,115,144.958660108,-37.81145082,Other Cuisines
The Common VU,Melbourne (CBD),Seats - Indoor,78,144.958430331,-37.81200376,Other Cuisines
The Mint Bar & Restaurant,Melbourne (CBD),Seats - Outdoor,90,144.957360919,-37.81209045,Western / Pub / Bistro
Brick Lane Cafe,Melbourne (CBD),Seats - Outdoor,5,144.959861129,-37.81146107,Cafe / Coffee Shop
Fuwa,Melbourne (CBD),Seats - Indoor,34,144.959978247,-37.81120131,Other Cuisines
Khao,Melbourne (CBD),Seats - Indoor,56,144.959644312,-37.81107017,Other Cuisines
Barkada,Melbourne (CBD),Seats - Indoor,70,144.960948366,-37.81131628,Western / Pub / Bistro
Sinjeon K Street Food Cbd,Melbourne (CBD),Seats - Indoor,32,144.960948366,-37.81131628,Other Cuisines
Mr Hugo,Melbourne (CBD),Seats - Indoor,26,144.960280316,-37.81158232,Other Cuisines
Old Man Pho,Melbourne (CBD),Seats - Outdoor,4,144.962061274,-37.81084464,Vietnamese
Chilli India,Melbourne (CBD),Seats - Indoor,110,144.962061274,-37.81084464,Other Cuisines
Chilli India,Melbourne (CBD),Seats - Outdoor,5,144.962061274,-37.81084464,Other Cuisines
Grill'd Healthy Burgers,Melbourne (CBD),Seats - Indoor,120,144.963018917,-37.81073331,Western / Pub / Bistro
Homm Dessert,Melbourne (CBD),Seats - Outdoor,24,144.963018917,-37.81073331,Other Cuisines
Omi Melbourne Central,Melbourne (CBD),Seats - Outdoor,12,144.963018917,-37.81073331,Other Cuisines
Omi Melbourne Central,Melbourne (CBD),Seats - Indoor,8,144.963018917,-37.81073331,Other Cuisines
The Pancake Parlour (Melbourne Central),Melbourne (CBD),Seats - Indoor,160,144.963018917,-37.81073331,Other Cuisines
Starbucks,Melbourne (CBD),Seats - Indoor,58,144.963018917,-37.81073331,Cafe / Coffee Shop
Asian Beer Cafe,Melbourne (CBD),Seats - Outdoor,127,144.963018917,-37.81073331,Cafe / Coffee Shop
bbq a buffet,Melbourne (CBD),Seats - Indoor,136,144.963996846,-37.81152963,Korean
BKK,Melbourne (CBD),Seats - Indoor,56,144.96414534,-37.81148546,Other Cuisines
Starbucks,Melbourne (CBD),Seats - Outdoor,6,144.964263714,-37.81122709,Cafe / Coffee Shop
Starbucks,Melbourne (CBD),Seats - Indoor,90,144.964263714,-37.81122709,Cafe / Coffee Shop
Mr Tall On Swanston,Melbourne (CBD),Seats - Indoor,94,144.964047258,-37.81076344,Other Cuisines
Fortune Alley,Melbourne (CBD),Seats - Indoor,16,144.964047258,-37.81076344,Other Cuisines
Famil Lee,Melbourne (CBD),Seats - Outdoor,12,144.968828365,-37.80893166,Italian
New Kum Den,Melbourne (CBD),Seats - Indoor,49,144.968446286,-37.80913993,Other Cuisines
Hong Dae Korean Restaurant & Bar,Melbourne (CBD),Seats - Indoor,70,144.968719501,-37.80913623,Korean
Baltic Buffet,Melbourne (CBD),Seats - Indoor,40,144.966928628,-37.80957196,Other Cuisines
B & B' Guette Cafe,Melbourne (CBD),Seats - Indoor,35,144.968771771,-37.80881313,Cafe / Coffee Shop
Ceree,Melbourne (CBD),Seats - Indoor,88,144.97101463,-37.80814525,Other Cuisines
Impresso Cafe,West Melbourne (Residential),Seats - Outdoor,8,144.953598901,-37.81229603,Cafe / Coffee Shop
Cafenatics,Melbourne (CBD),Seats - Outdoor,8,144.957113997,-37.81123723,Cafe / Coffee Shop
The Jazz Corner Cafe,Melbourne (CBD),Seats - Outdoor,8,144.956578269,-37.81124427,Cafe / Coffee Shop
Upstairs 360,Melbourne (CBD),Seats - Indoor,50,144.959136749,-37.8107204,Other Cuisines
Darac,Melbourne (CBD),Seats - Indoor,44,144.962074258,-37.8090975,Other Cuisines
Damiao Panda Fan,Melbourne (CBD),Seats - Indoor,150,144.961422563,-37.80953008,Other Cuisines
Damiao Panda Fan,Melbourne (CBD),Seats - Outdoor,20,144.961422563,-37.80953008,Other Cuisines
Kata Kita,Melbourne (CBD),Seats - Indoor,75,144.961747019,-37.80994879,Other Cuisines
Bingsoo,Melbourne (CBD),Seats - Indoor,24,144.961747019,-37.80994879,Other Cuisines
Hungry Jack's,Melbourne (CBD),Seats - Indoor,66,144.961747019,-37.80994879,Other Cuisines
Kata Kita,Melbourne (CBD),Seats - Outdoor,8,144.961747019,-37.80994879,Other Cuisines
Dear Barbecue Buffet,Melbourne (CBD),Seats - Indoor,110,144.963216993,-37.80904283,Western / Pub / Bistro
B'Churrasco,Melbourne (CBD),Seats - Indoor,180,144.961748936,-37.80919305,Other Cuisines
Pearson And Murphy's Cafe,Melbourne (CBD),Seats - Indoor,76,144.964543533,-37.80818156,Cafe / Coffee Shop
Pearson And Murphy's Cafe,Melbourne (CBD),Seats - Outdoor,80,144.964543533,-37.80818156,Cafe / Coffee Shop
The Drum,Melbourne (CBD),Seats - Indoor,88,144.964543533,-37.80818156,Other Cuisines
Little Bang Espresso,Melbourne (CBD),Seats - Indoor,33,144.964543533,-37.80818156,Cafe / Coffee Shop
Canto cafe e pizzeria,Melbourne (CBD),Seats - Outdoor,3,144.964543533,-37.80818156,Italian
Top Tea,Melbourne (CBD),Seats - Indoor,15,144.960522599,-37.80918797,Cafe / Coffee Shop
Biang Biang Elizabeth,Melbourne (CBD),Seats - Outdoor,10,144.96048906,-37.80911596,Other Cuisines
Rose Garden Barbecue Shop,Melbourne (CBD),Seats - Outdoor,24,144.960343859,-37.8088586,Western / Pub / Bistro
Menya Ramen,Melbourne (CBD),Seats - Outdoor,10,144.96023688,-37.80880991,Japanese
Malaysian Laksa House,Melbourne (CBD),Seats - Outdoor,16,144.960215796,-37.80856366,Other Cuisines
Lucky Guys Claypot City,Melbourne (CBD),Seats - Outdoor,16,144.959575429,-37.80904835,Other Cuisines
Yoi,Melbourne (CBD),Seats - Indoor,60,144.959575429,-37.80904835,Other Cuisines
Market Espresso & Trolley Hire,Melbourne (CBD),Seats - Outdoor,18,144.957205484,-37.80765748,Cafe / Coffee Shop
Rubens,Melbourne (CBD),Seats - Indoor,16,144.957205484,-37.80765748,Other Cuisines
Supersede Coffee,Melbourne (CBD),Seats - Outdoor,30,144.957205484,-37.80765748,Cafe / Coffee Shop
Cafe Gilli,Melbourne (CBD),Seats - Outdoor,40,144.957205484,-37.80765748,Cafe / Coffee Shop
McDonalds,Melbourne (CBD),Seats - Indoor,136,144.959552564,-37.80735265,Other Cuisines
McDonalds,Melbourne (CBD),Seats - Outdoor,64,144.959552564,-37.80735265,Other Cuisines
Operator San,Melbourne (CBD),Seats - Indoor,59,144.959088605,-37.8076845,Other Cuisines
Operator San,Melbourne (CBD),Seats - Outdoor,33,144.959088605,-37.8076845,Other Cuisines
Kombu Qvm Pty Ltd,Melbourne (CBD),Seats - Indoor,32,144.959088605,-37.8076845,Other Cuisines
Lovey Patisserie Cafe / X Playground,Melbourne (CBD),Seats - Outdoor,16,144.959088605,-37.8076845,Cafe / Coffee Shop
David's Master Pot,Melbourne (CBD),Seats - Indoor,47,144.960624495,-37.80783746,Other Cuisines
Chef David,Melbourne (CBD),Seats - Indoor,60,144.960624495,-37.80783746,Other Cuisines
Podium Espresso Bar & Kitchen,Melbourne (CBD),Seats - Indoor,57,144.961865678,-37.80689662,Cafe / Coffee Shop
Yarra Dragon,Docklands,Seats - Indoor,20,144.953818379,-37.82273183,Other Cuisines
The Longing Flavour,Carlton,Seats - Indoor,50,144.965164004,-37.79780844,Other Cuisines
Schnitz Melbourne Connect,Carlton,Seats - Indoor,12,144.96482819,-37.7999972,Other Cuisines
Claypot Kingdom,Carlton,Seats - Indoor,40,144.964765292,-37.79899938,Other Cuisines
Ms Frankie Carlton,Carlton,Seats - Indoor,150,144.966726926,-37.79886072,Other Cuisines
Ms Frankie Carlton,Carlton,Seats - Outdoor,50,144.966726926,-37.79886072,Other Cuisines
Dim Sim Holic,Carlton,Seats - Indoor,20,144.966590198,-37.80049164,Other Cuisines
Cafe Corretto,Carlton,Seats - Indoor,150,144.966741006,-37.80004558,Cafe / Coffee Shop
Lagoon Dining,Carlton,Seats - Indoor,100,144.966868004,-37.79929755,Other Cuisines
Aperitivo Bar Ristorante,Carlton,Seats - Indoor,45,144.966910371,-37.79905377,Italian
Tiamo,Carlton,Seats - Indoor,45,144.967089764,-37.79822136,Other Cuisines
Tiamo,Carlton,Seats - Outdoor,30,144.966981693,-37.79812248,Other Cuisines
Heartattack and Vine,Carlton,Seats - Outdoor,50,144.967148225,-37.79764329,Other Cuisines
Le Miel Et La Lune,Carlton,Seats - Indoor,35,144.966377828,-37.79685803,Other Cuisines
Qabail Restaurant,Carlton,Seats - Indoor,30,144.968164524,-37.79698294,Italian
Chapati Melbourne,Carlton,Seats - Indoor,30,144.97032083,-37.79692164,Other Cuisines
Capitano,Carlton,Seats - Indoor,80,144.970426225,-37.79652005,Other Cuisines
Vincent The Dog,Carlton,Seats - Outdoor,37,144.969267888,-37.79777638,Other Cuisines
Sunhands,Carlton,Seats - Outdoor,22,144.969295009,-37.79757961,Other Cuisines
Yo-Chi Frozen Yogurt,Carlton,Seats - Indoor,40,144.968020718,-37.79844782,Other Cuisines
Yo-Chi Frozen Yogurt,Carlton,Seats - Outdoor,20,144.968020718,-37.79844782,Other Cuisines
The Carlton Wine Room,Carlton,Seats - Indoor,140,144.968585611,-37.79858383,Other Cuisines
Sea Salt Kitchen,Carlton,Seats - Outdoor,23,144.967643727,-37.79828024,Other Cuisines
Sea Salt Kitchen,Carlton,Seats - Indoor,50,144.967634649,-37.79832944,Other Cuisines
Vertue Coffee Roasters,Carlton,Seats - Indoor,80,144.968387293,-37.79769784,Cafe / Coffee Shop
Vertue Coffee Roasters,Carlton,Seats - Outdoor,25,144.968387293,-37.79769784,Cafe / Coffee Shop
Doc Pizza & Mozarella Bar,Carlton,Seats - Indoor,60,144.968443765,-37.7989855,Italian
Shakahari Vegetarian Restaurant,Carlton,Seats - Indoor,76,144.967802954,-37.79900338,Other Cuisines
Kaprica,Carlton,Seats - Indoor,152,144.967880034,-37.80059699,Other Cuisines
Grill'd Healthy Burgers,Carlton,Seats - Outdoor,32,144.967526441,-37.79887015,Western / Pub / Bistro
DOC Espresso,Carlton,Seats - Outdoor,60,144.96747353,-37.79932164,Cafe / Coffee Shop
Donnini's Restaurant,Carlton,Seats - Indoor,70,144.967510433,-37.79953749,Other Cuisines
Copperwood,Carlton,Seats - Indoor,160,144.967600033,-37.79962339,Other Cuisines
"Johnny, Vince And Sam's",Carlton,Seats - Outdoor,32,144.967416427,-37.79978612,Other Cuisines
Shinbashi Yakiniku,Carlton,Seats - Indoor,74,144.967348455,-37.80004497,Other Cuisines
Abla's Restaurant,Carlton,Seats - Indoor,80,144.971058181,-37.79776853,Other Cuisines
Chamman Sheesha Cafe & Restaurant,Carlton,Seats - Indoor,38,144.97104054,-37.7960463,Cafe / Coffee Shop
Sushi Ten,Carlton,Seats - Outdoor,8,144.97118345,-37.79518777,Japanese
Fu Lu Chinese Cafe,Carlton,Seats - Indoor,20,144.971159348,-37.79532263,Chinese
Fu Lu Chinese Cafe,Carlton,Seats - Outdoor,4,144.971159348,-37.79532263,Chinese
Okra Sri Lankan Cuisine,Carlton,Seats - Outdoor,20,144.971140453,-37.79543507,Other Cuisines
Bar Bellamy,Carlton,Seats - Indoor,35,144.971131911,-37.79547684,Western / Pub / Bistro
Muli,Carlton,Seats - Indoor,20,144.971229464,-37.79476659,Other Cuisines
Haymarket Place,Carlton,Seats - Indoor,47,144.958998433,-37.80052523,Other Cuisines
Best tian shan,Carlton,Seats - Outdoor,12,144.963297148,-37.80058304,Other Cuisines
Lincoln Bakery Cafe,Carlton,Seats - Outdoor,36,144.962728786,-37.8013409,Cafe / Coffee Shop
Rice Bar Not Only Rice,Carlton,Seats - Outdoor,40,144.965103662,-37.80077102,Western / Pub / Bistro
Colourful Yunnan Restaurant,Carlton,Seats - Outdoor,8,144.964236564,-37.80062759,Other Cuisines
Norsiah's Kitchen,Carlton,Seats - Indoor,20,144.96431186,-37.80188571,Other Cuisines
Eat Ngon,Carlton,Seats - Indoor,30,144.96431186,-37.80188571,Other Cuisines
Shooter McGavins,Carlton,Seats - Indoor,12,144.965624121,-37.80080042,Other Cuisines
Kabana Restaurant,Carlton,Seats - Outdoor,16,144.96644595,-37.80178513,Other Cuisines
Mixity Restaurant and Cafe,Carlton,Seats - Outdoor,24,144.966469147,-37.80165695,Cafe / Coffee Shop
Seoul Pocha,Carlton,Seats - Outdoor,12,144.966476308,-37.80160598,Korean
San Churro Chocolateria,Carlton,Seats - Outdoor,24,144.966485562,-37.80156205,Other Cuisines
Cafe Cavallino,Carlton,Seats - Outdoor,88,144.966496703,-37.80144374,Cafe / Coffee Shop
Tabouli,Carlton,Seats - Outdoor,20,144.966488036,-37.8011904,Other Cuisines
Good Measure Melbourne,Carlton,Seats - Indoor,42,144.966507051,-37.8010949,Other Cuisines
Good Measure Melbourne,Carlton,Seats - Outdoor,30,144.966507051,-37.8010949,Other Cuisines
Tono On Borsari,Carlton,Seats - Outdoor,58,144.966672476,-37.80089707,Other Cuisines
Tono On Borsari,Carlton,Seats - Indoor,70,144.966672476,-37.80089707,Other Cuisines
Seasons Provedore,Carlton,Seats - Outdoor,24,144.966659073,-37.80096704,Other Cuisines
Dragon Hot Pot,Carlton,Seats - Outdoor,10,144.96576978,-37.80081687,Other Cuisines
Kahaani,Carlton,Seats - Indoor,35,144.967184315,-37.80103476,Other Cuisines
Palm Arabian,Carlton,Seats - Indoor,20,144.967168398,-37.80113981,Other Cuisines
Il Gusto,Carlton,Seats - Outdoor,24,144.967160519,-37.80118693,Italian
Cairo Nights Restaurant & Bar,Carlton,Seats - Outdoor,48,144.967324233,-37.80137656,Western / Pub / Bistro
Piccolo Mondo,Carlton,Seats - Outdoor,28,144.967246341,-37.80158026,Other Cuisines
La Spaghettata Pty Ltd,Carlton,Seats - Indoor,130,144.967236482,-37.80162591,Other Cuisines
Ziyka Restaurant,Carlton,Seats - Indoor,100,144.967229074,-37.80169333,Other Cuisines
Ziyka Restaurant,Carlton,Seats - Outdoor,50,144.967229074,-37.80169333,Other Cuisines
Agha Juice,Carlton,Seats - Indoor,20,144.967217525,-37.80175883,Other Cuisines
AFGHAN KEBAB CARLTON,Carlton,Seats - Outdoor,10,144.967209194,-37.80180395,Middle Eastern
Leonardo's Pizza Palace,Carlton,Seats - Outdoor,26,144.968597488,-37.80116198,Italian
Coffee On Drummond,Carlton,Seats - Indoor,18,144.968286814,-37.80482036,Cafe / Coffee Shop
Il Gambero,Carlton,Seats - Indoor,221,144.966813823,-37.803305,Italian
Khabbay Restaurant,Carlton,Seats - Outdoor,80,144.966723095,-37.803783,Other Cuisines
Da Guido,Carlton,Seats - Outdoor,20,144.966683147,-37.80403393,Other Cuisines
Da Guido,Carlton,Seats - Indoor,40,144.966683147,-37.80403393,Other Cuisines
Thai City Restaurant,Carlton,Seats - Indoor,90,144.966699249,-37.80443778,Thai
Thai City Restaurant,Carlton,Seats - Outdoor,20,144.966699249,-37.80443778,Thai
Kantin,Carlton,Seats - Indoor,30,144.966699249,-37.80443778,Other Cuisines
Martabak Pecenongan 78 & D'Bakmie,Carlton,Seats - Indoor,15,144.966699249,-37.80443778,Other Cuisines
D'Penyetz & D'Cendol,Carlton,Seats - Indoor,20,144.966699249,-37.80443778,Other Cuisines
D'Penyetz & D'Cendol,Carlton,Seats - Outdoor,22,144.966699249,-37.80443778,Other Cuisines
Ying Thai 2,Carlton,Seats - Indoor,100,144.966699249,-37.80443778,Thai
Lambs Restaurant,Carlton,Seats - Outdoor,22,144.966699249,-37.80443778,Other Cuisines
Universal Restaurant,Carlton,Seats - Outdoor,90,144.966086487,-37.80384773,Other Cuisines
Mandina Kitchen,Carlton,Seats - Indoor,60,144.966098423,-37.80378355,Other Cuisines
La Cabra Carlton,Carlton,Seats - Outdoor,40,144.966117861,-37.80366248,Other Cuisines
Cinta,Carlton,Seats - Outdoor,12,144.963945272,-37.80276989,Other Cuisines
Lemuse,Carlton,Seats - Outdoor,12,144.963909099,-37.80355391,Other Cuisines
THE LINCOLN ARMS PRIVATE DINING ROOMS,Carlton,Seats - Indoor,35,144.964294786,-37.80444613,Other Cuisines
Bar Holiday,Carlton,Seats - Outdoor,15,144.962781304,-37.80336259,Western / Pub / Bistro
Refuel Catering,Carlton,Seats - Indoor,40,144.961002249,-37.80395655,Other Cuisines
Briscola Cafe,Carlton,Seats - Indoor,15,144.96133522,-37.80242146,Cafe / Coffee Shop
Briscola Cafe,Carlton,Seats - Outdoor,20,144.96133522,-37.80242146,Cafe / Coffee Shop
Amicus Espresso,Carlton,Seats - Outdoor,24,144.960033983,-37.80240996,Cafe / Coffee Shop
Bar Scopa,Carlton,Seats - Indoor,16,144.960208799,-37.80290295,Western / Pub / Bistro
Bar Scopa,Carlton,Seats - Outdoor,4,144.960208799,-37.80290295,Western / Pub / Bistro
Seven Seeds,Carlton,Seats - Indoor,90,144.959127095,-37.8028778,Other Cuisines
Arabesque,Carlton,Seats - Outdoor,13,144.958614249,-37.80328692,Other Cuisines
Lanzhou Beef Noodle Soup,Carlton,Seats - Indoor,36,144.959758676,-37.80579439,Other Cuisines
Flovie Florist Cafe,Carlton,Seats - Outdoor,10,144.959925596,-37.80440558,Cafe / Coffee Shop
Flovie Florist Cafe,Carlton,Seats - Indoor,40,144.959925596,-37.80440558,Cafe / Coffee Shop
Humble Rays,Carlton,Seats - Outdoor,12,144.961410001,-37.80477948,Other Cuisines
Manja Melbourne,Carlton,Seats - Outdoor,6,144.960508626,-37.80570036,Other Cuisines
Inistudio,Carlton,Seats - Indoor,16,144.961215681,-37.80453213,Other Cuisines
Ej's Cafe,Carlton,Seats - Outdoor,40,144.965492645,-37.80548997,Cafe / Coffee Shop
The Best Guilin Rice Noodles,Carlton,Seats - Indoor,30,144.965421152,-37.80670799,Other Cuisines
Hi Chong Qing Cafe & Noodle Bar,Carlton,Seats - Outdoor,6,144.965400643,-37.80634019,Chinese
Carlton Megabytes,Carlton,Seats - Indoor,33,144.965526156,-37.80671734,Other Cuisines
Jin Zhou Yu BBQ,Carlton,Seats - Indoor,50,144.966441303,-37.80566982,Korean
Epocha Restaurant,Carlton,Seats - Indoor,100,144.968594354,-37.80578725,Korean
The Potter Espresso Bar,Parkville,Seats - Outdoor,66,144.961258672,-37.79738772,Cafe / Coffee Shop
Sage And Grace - The Communitas Café,Parkville,Seats - Outdoor,4,144.960593135,-37.79301729,Other Cuisines
North End Deli,North Melbourne,Seats - Indoor,15,144.938197912,-37.79557662,Other Cuisines
Twenty & Six Espresso,North Melbourne,Seats - Indoor,17,144.947539147,-37.80257071,Cafe / Coffee Shop
Temple Arden,North Melbourne,Seats - Indoor,40,144.945468682,-37.80085798,Other Cuisines
Manze,North Melbourne,Seats - Indoor,24,144.948978856,-37.80488638,Other Cuisines
The Hot Poppy,North Melbourne,Seats - Indoor,16,144.948970536,-37.80473151,Other Cuisines
Toast Kitchen Cafe,North Melbourne,Seats - Indoor,34,144.94904224,-37.80463699,Cafe / Coffee Shop
Cielo Gelateria,North Melbourne,Seats - Outdoor,6,144.949079409,-37.80430342,Other Cuisines
Bistro De Paris,North Melbourne,Seats - Indoor,32,144.949205167,-37.80360299,Western / Pub / Bistro
Errol's Cafe,North Melbourne,Seats - Indoor,40,144.949083435,-37.80345572,Cafe / Coffee Shop
Snax Cafe,North Melbourne,Seats - Indoor,36,144.94928705,-37.80323404,Cafe / Coffee Shop
Lumen People,North Melbourne,Seats - Indoor,25,144.94871348,-37.80474738,Other Cuisines
Royal Kebab Cafe,North Melbourne,Seats - Indoor,15,144.948423728,-37.79508314,Middle Eastern
Flava Korean Bbq,North Melbourne,Seats - Indoor,70,144.950043914,-37.80411038,Korean
KL Bunga Raya,North Melbourne,Seats - Indoor,30,144.949722464,-37.80435713,Other Cuisines
Arbutus,North Melbourne,Seats - Indoor,18,144.949580943,-37.80489365,Other Cuisines
Roasting Warehouse,North Melbourne,Seats - Indoor,60,144.950594501,-37.80447359,Other Cuisines
El Sabor,North Melbourne,Seats - Indoor,70,144.949681151,-37.804917,Other Cuisines
CC Wok,North Melbourne,Seats - Indoor,28,144.950540687,-37.80500905,Chinese
Le Toaster,North Melbourne,Seats - Indoor,7,144.952776962,-37.80357227,Other Cuisines
Pho Victoria,North Melbourne,Seats - Outdoor,6,144.953960605,-37.80542263,Vietnamese
KATHMANDU BANQUET,North Melbourne,Seats - Indoor,200,144.954134039,-37.80544377,Other Cuisines
Yeonga,North Melbourne,Seats - Indoor,150,144.956922989,-37.80560474,Other Cuisines
Maria's Trattoria,North Melbourne,Seats - Outdoor,4,144.956459859,-37.80519937,Italian
Hallah,North Melbourne,Seats - Indoor,60,144.957390153,-37.80580455,Other Cuisines
Donwoori,North Melbourne,Seats - Indoor,36,144.957390153,-37.80580455,Other Cuisines
Donwoori,North Melbourne,Seats - Outdoor,16,144.957390153,-37.80580455,Other Cuisines
The Galbi,North Melbourne,Seats - Indoor,45,144.957390153,-37.80580455,Other Cuisines
Dancing Flame Charcoal Grill,North Melbourne,Seats - Outdoor,8,144.958291779,-37.80471151,Western / Pub / Bistro
BBQ Brothers 10,North Melbourne,Seats - Indoor,76,144.958123243,-37.80460731,Korean
BBQ Brothers 10,North Melbourne,Seats - Outdoor,12,144.958123243,-37.80460731,Korean
I Wrap Cafe,North Melbourne,Seats - Outdoor,6,144.958148416,-37.8044425,Cafe / Coffee Shop
I Wrap Cafe,North Melbourne,Seats - Indoor,24,144.958148416,-37.8044425,Cafe / Coffee Shop
Little Ivy Tea And Coffee,North Melbourne,Seats - Indoor,16,144.95601867,-37.80337398,Cafe / Coffee Shop
Affinity On Errol,North Melbourne,Seats - Outdoor,14,144.950095564,-37.80223499,Other Cuisines
Mörk Chocolate Brew House,North Melbourne,Seats - Outdoor,20,144.950189192,-37.80154511,Other Cuisines
Mörk Chocolate Brew House,North Melbourne,Seats - Indoor,20,144.950189192,-37.80154511,Other Cuisines
The Rice Cooker,North Melbourne,Seats - Outdoor,10,144.955200107,-37.80067768,Other Cuisines
The Rice Cooker,North Melbourne,Seats - Indoor,50,144.955200107,-37.80067768,Other Cuisines
A Treat of France,North Melbourne,Seats - Outdoor,4,144.955169656,-37.80032188,Other Cuisines
Joe's Eatery,North Melbourne,Seats - Outdoor,60,144.954318992,-37.7997297,Other Cuisines
Mum Mum Asian Street Food,North Melbourne,Seats - Outdoor,8,144.954000416,-37.79936937,Other Cuisines
Souvs On Spencer,West Melbourne (Residential),Seats - Outdoor,4,144.944905055,-37.80643135,Other Cuisines
Apollo Cafe,West Melbourne (Residential),Seats - Indoor,44,144.946624618,-37.80784196,Cafe / Coffee Shop
Udom House,West Melbourne (Residential),Seats - Indoor,26,144.950026368,-37.80547842,Other Cuisines
Smile Thai Cuisine,West Melbourne (Residential),Seats - Indoor,22,144.94963128,-37.80538852,Thai
Amiconi,West Melbourne (Residential),Seats - Indoor,60,144.949585089,-37.80538446,Other Cuisines
Amiconi,West Melbourne (Residential),Seats - Outdoor,8,144.949585089,-37.80538446,Other Cuisines
279,West Melbourne (Residential),Seats - Outdoor,6,144.951970327,-37.80566937,Other Cuisines
Warung Agus,West Melbourne (Residential),Seats - Indoor,60,144.951366386,-37.80562951,Other Cuisines
Embassy Cafe,West Melbourne (Residential),Seats - Indoor,40,144.947787012,-37.80811131,Cafe / Coffee Shop
Embassy Cafe,West Melbourne (Residential),Seats - Outdoor,24,144.947787012,-37.80811131,Cafe / Coffee Shop
The Secret Recipe,West Melbourne (Residential),Seats - Indoor,32,144.948789522,-37.80897146,Other Cuisines
Le Taj Restaurant,West Melbourne (Residential),Seats - Outdoor,4,144.952039324,-37.80775631,Other Cuisines
Jusik The Korean Restaurant,West Melbourne (Residential),Seats - Indoor,20,144.955423427,-37.80718433,Korean
Korean BBQ Matzip,West Melbourne (Residential),Seats - Outdoor,8,144.955603657,-37.80606639,Korean
The Studio Beans,West Melbourne (Residential),Seats - Indoor,30,144.948450986,-37.81025507,Other Cuisines
Cassette,Kensington,Seats - Indoor,80,144.933807982,-37.79511706,Other Cuisines
Sahara Restaurant,Kensington,Seats - Indoor,60,144.931523215,-37.79484451,Other Cuisines
Grounded House,Kensington,Seats - Outdoor,3,144.929445017,-37.79458129,Other Cuisines
Hungry Jack's Pty Ltd,Kensington,Seats - Indoor,36,144.91876537,-37.79214606,Other Cuisines
Rye Cafe,Kensington,Seats - Outdoor,16,144.915521168,-37.78257295,Cafe / Coffee Shop
The Grey Smith,East Melbourne,Seats - Outdoor,6,144.985988908,-37.81609348,Other Cuisines
Geppetto Trattoria,East Melbourne,Seats - Indoor,40,144.987427268,-37.81636296,Italian
Alley Cat,East Melbourne,Seats - Outdoor,20,144.985625385,-37.81004656,Other Cuisines
Roccella,East Melbourne,Seats - Indoor,200,144.984161853,-37.81229599,Other Cuisines
Zouki Cafe,East Melbourne,Seats - Outdoor,15,144.984161853,-37.81229599,Cafe / Coffee Shop
KereKere Green,East Melbourne,Seats - Indoor,40,144.980455702,-37.81296163,Other Cuisines
Parade Place,East Melbourne,Seats - Indoor,26,144.982294313,-37.80943194,Other Cuisines
Solah,East Melbourne,Seats - Outdoor,12,144.979979104,-37.80919457,Other Cuisines
Cafe Ecco,East Melbourne,Seats - Outdoor,24,144.973619012,-37.80849653,Cafe / Coffee Shop
Zouki Cafe,East Melbourne,Seats - Indoor,52,144.976255689,-37.80899035,Cafe / Coffee Shop
Basement Espresso,East Melbourne,Seats - Indoor,94,144.977894549,-37.80895362,Cafe / Coffee Shop
Zouki on the Park,East Melbourne,Seats - Outdoor,15,144.977340439,-37.81154318,Other Cuisines
Mr Tod,East Melbourne,Seats - Outdoor,47,144.97574558,-37.81162321,Other Cuisines
Mugs Alley,East Melbourne,Seats - Indoor,40,144.975927502,-37.81642072,Other Cuisines
Beddgood & Co,East Melbourne,Seats - Indoor,41,144.979983698,-37.81680765,Other Cuisines
Edwin's Cafe,Melbourne (Remainder),Seats - Indoor,150,144.982385438,-37.82487805,Cafe / Coffee Shop
Edwin's Cafe,Melbourne (Remainder),Seats - Outdoor,24,144.982385438,-37.82487805,Cafe / Coffee Shop
Delisure Kitchen,Melbourne (Remainder),Seats - Outdoor,25,144.975719407,-37.83548357,Other Cuisines
Nar Bangkok,Melbourne (Remainder),Seats - Indoor,48,144.975719407,-37.83548357,Thai
McDonald's,Melbourne (Remainder),Seats - Outdoor,10,144.976192013,-37.83615254,Other Cuisines
Moody Brew Coffee Bar,Melbourne (Remainder),Seats - Outdoor,15,144.977193113,-37.83854242,Cafe / Coffee Shop
Slater St Bench,Melbourne (Remainder),Seats - Indoor,6,144.977193113,-37.83854242,Other Cuisines
Tapenade Melbourne,Melbourne (Remainder),Seats - Outdoor,8,144.979819038,-37.8455379,Other Cuisines
Hawker Canteen,Melbourne (Remainder),Seats - Indoor,15,144.979819038,-37.8455379,Other Cuisines
Rice @ Chevron,Melbourne (Remainder),Seats - Outdoor,12,144.979819038,-37.8455379,Other Cuisines
Alf's Cafe,Melbourne (Remainder),Seats - Indoor,40,144.98005912,-37.84607473,Cafe / Coffee Shop
McDonalds,Southbank,Seats - Outdoor,44,144.957875171,-37.82832668,Other Cuisines
Betwixt Cafe & Bar,Southbank,Seats - Outdoor,53,144.96754497,-37.82519306,Cafe / Coffee Shop
Betwixt Cafe & Bar,Southbank,Seats - Indoor,47,144.96754497,-37.82519306,Cafe / Coffee Shop
Malthouse Theatre Cafe,Southbank,Seats - Outdoor,40,144.966959082,-37.8271278,Cafe / Coffee Shop
Jubilee On Dorcas,Southbank,Seats - Indoor,60,144.966296035,-37.83070461,Other Cuisines
Rosella x 31,Southbank,Seats - Indoor,20,144.970707242,-37.82912559,Other Cuisines
Humbaba,Southbank,Seats - Indoor,30,144.969568044,-37.83002436,Other Cuisines
Queenie's Restaurant & Cafe,Southbank,Seats - Indoor,45,144.96939214,-37.82956555,Cafe / Coffee Shop
Lionel Gell Lounge,Southbank,Seats - Indoor,30,144.969319749,-37.82456191,Other Cuisines
Pawa Cafe & Bar,Southbank,Seats - Outdoor,20,144.968224607,-37.82094494,Cafe / Coffee Shop
Teatro,Southbank,Seats - Indoor,100,144.968224607,-37.82094494,Cafe / Coffee Shop
Hophaus,Southbank,Seats - Outdoor,120,144.966262253,-37.82066924,Other Cuisines
Hophaus,Southbank,Seats - Indoor,140,144.966262253,-37.82066924,Other Cuisines
The Deck,Southbank,Seats - Outdoor,20,144.966262253,-37.82066924,Other Cuisines
The Deck,Southbank,Seats - Indoor,30,144.966262253,-37.82066924,Other Cuisines
Red Emperor,Southbank,Seats - Outdoor,50,144.966262253,-37.82066924,Other Cuisines
Red Emperor,Southbank,Seats - Indoor,100,144.966262253,-37.82066924,Other Cuisines
Bluetrain,Southbank,Seats - Indoor,180,144.966262253,-37.82066924,Other Cuisines
Commodity Cafe,Melbourne (Remainder),Seats - Outdoor,28,144.977676928,-37.83949217,Cafe / Coffee Shop
In a Rush,Melbourne (Remainder),Seats - Indoor,50,144.979362332,-37.8441033,Other Cuisines
18 Pence Lane,Docklands,Seats - Outdoor,50,144.944965024,-37.82470448,Other Cuisines
18 Pence Lane,Docklands,Seats - Indoor,32,144.944965024,-37.82470448,Other Cuisines
Pizze Societe,Docklands,Seats - Outdoor,66,144.941274287,-37.82354217,Other Cuisines
Pizze Societe,Docklands,Seats - Indoor,34,144.941274287,-37.82354217,Other Cuisines
Mad Duck Cafe,Docklands,Seats - Indoor,24,144.943550585,-37.82438863,Cafe / Coffee Shop
Corniche,Docklands,Seats - Outdoor,50,144.943550585,-37.82438863,Other Cuisines
The Espressonist,Docklands,Seats - Indoor,100,144.943550585,-37.82438863,Cafe / Coffee Shop
Portside Deli,Port Melbourne,Seats - Indoor,44,144.918786228,-37.82221049,Other Cuisines
Pier 35 Bar & Grill,Port Melbourne,Seats - Indoor,90,144.905238246,-37.82481657,Western / Pub / Bistro
Pier 35 Bar & Grill,Port Melbourne,Seats - Outdoor,90,144.905238246,-37.82481657,Western / Pub / Bistro
Q Tea Kitchen,Port Melbourne,Seats - Indoor,22,144.920988022,-37.82600955,Cafe / Coffee Shop
Ootoro,Port Melbourne,Seats - Outdoor,30,144.920988022,-37.82600955,Other Cuisines
24 Atoms,Port Melbourne,Seats - Outdoor,40,144.920988022,-37.82600955,Other Cuisines
Mr & Mrs Pickles,Port Melbourne,Seats - Outdoor,12,144.910585822,-37.82634273,Other Cuisines
Bonnie & Duke Cafe,Port Melbourne,Seats - Outdoor,8,144.905021319,-37.82653298,Cafe / Coffee Shop
Sabre Cafe,Port Melbourne,Seats - Indoor,56,144.906335906,-37.82797655,Cafe / Coffee Shop
Infinite Wasabi,Southbank,Seats - Indoor,36,144.963375778,-37.82092509,Other Cuisines
DOC Southbank,Southbank,Seats - Indoor,45,144.963828622,-37.82082512,Other Cuisines
Dagwood Deli,Southbank,Seats - Outdoor,10,144.963828622,-37.82082512,Other Cuisines
Asado Bar y Grill,Southbank,Seats - Indoor,86,144.963828622,-37.82082512,Western / Pub / Bistro
Old Man Pho,Southbank,Seats - Indoor,18,144.962891358,-37.82104029,Vietnamese
Left Bank Melbourne,Southbank,Seats - Indoor,100,144.962891358,-37.82104029,Other Cuisines
Breslin Bar And Grill,Southbank,Seats - Outdoor,100,144.962891358,-37.82104029,Western / Pub / Bistro
BondStore Cafe,Southbank,Seats - Outdoor,14,144.963874356,-37.82193588,Cafe / Coffee Shop
The Meat & Wine Co,Southbank,Seats - Indoor,280,144.962153946,-37.82167833,Other Cuisines
Ruteni,Southbank,Seats - Indoor,36,144.962153946,-37.82167833,Other Cuisines
McDonalds,Southbank,Seats - Indoor,82,144.962153946,-37.82167833,Other Cuisines
Blossom Espresso,Southbank,Seats - Outdoor,10,144.962153946,-37.82167833,Cafe / Coffee Shop
Upstanding Citizens,Southbank,Seats - Indoor,70,144.962642984,-37.82221927,Other Cuisines
Spice Temple,Southbank,Seats - Indoor,415,144.958660189,-37.82312164,Other Cuisines
Rosetta,Southbank,Seats - Indoor,88,144.958660189,-37.82312164,Other Cuisines
Merrywell Bar and Dining / Merrywell Burger Bar,Southbank,Seats - Outdoor,64,144.958660189,-37.82312164,Western / Pub / Bistro
Gochi,Southbank,Seats - Indoor,40,144.958660189,-37.82312164,Other Cuisines
Emporio Pizza & Pasta,Southbank,Seats - Indoor,150,144.958660189,-37.82312164,Italian
Cervo,Southbank,Seats - Outdoor,44,144.958660189,-37.82312164,Other Cuisines
Cervo,Southbank,Seats - Indoor,72,144.958660189,-37.82312164,Other Cuisines
Bistro Guillaume,Southbank,Seats - Indoor,70,144.958660189,-37.82312164,Western / Pub / Bistro
Baci,Southbank,Seats - Indoor,120,144.958660189,-37.82312164,Other Cuisines
Tia To Vietnamese Restaurant,Southbank,Seats - Indoor,112,144.958660189,-37.82312164,Vietnamese
Silks,Southbank,Seats - Indoor,170,144.958660189,-37.82312164,Other Cuisines
Evergreen Lounge,Southbank,Seats - Indoor,100,144.958660189,-37.82312164,Other Cuisines
Bohemian Wine Bar,Southbank,Seats - Indoor,85,144.952378154,-37.82539976,Western / Pub / Bistro
Dock 37 Bar & Kitchen,Southbank,Seats - Outdoor,60,144.952378154,-37.82539976,Western / Pub / Bistro
The Boatbuilders Yard,Southbank,Seats - Outdoor,336,144.953499517,-37.82437522,Other Cuisines
The Boatbuilders Yard,Southbank,Seats - Indoor,150,144.953499517,-37.82437522,Other Cuisines
Plus 5,Southbank,Seats - Indoor,65,144.95033362,-37.82409302,Other Cuisines
Subway,Southbank,Seats - Indoor,30,144.958342688,-37.82559018,Other Cuisines
Mesh,Southbank,Seats - Indoor,350,144.95977678,-37.82385378,Other Cuisines
Ten BBQ & Hotpot Buffet,Southbank,Seats - Indoor,110,144.963252968,-37.82376393,Chinese
Rozas Kitchen,Southbank,Seats - Indoor,35,144.963252968,-37.82376393,Other Cuisines
Malay Momma,Southbank,Seats - Indoor,50,144.963728712,-37.82409347,Other Cuisines
Mezzi Bar,Southbank,Seats - Indoor,40,144.966881293,-37.82169185,Western / Pub / Bistro
Olmate’s Southbank,Southbank,Seats - Outdoor,12,144.965827262,-37.82280752,Other Cuisines
The Terrace,Melbourne (Remainder),Seats - Outdoor,75,144.980372356,-37.83016975,Other Cuisines
Matilda 159,South Yarra,Seats - Indoor,50,144.981451767,-37.83428436,Other Cuisines
Botanical Hotel,South Yarra,Seats - Outdoor,50,144.981699536,-37.83431735,Western / Pub / Bistro
No 179 Domain,South Yarra,Seats - Indoor,21,144.982036345,-37.83431435,Other Cuisines
My Serendipity Cafe,Melbourne (Remainder),Seats - Indoor,18,144.982663953,-37.84633593,Cafe / Coffee Shop
Cafe Alfretti,Melbourne (Remainder),Seats - Outdoor,50,144.982663953,-37.84633593,Cafe / Coffee Shop
Tradeblock Cafe,Melbourne (Remainder),Seats - Outdoor,20,144.981958874,-37.84971031,Cafe / Coffee Shop
Ho Ho's Canteen,Parkville,Seats - Indoor,50,144.958681046,-37.78398214,Other Cuisines
Mornin Vietnam,Parkville,Seats - Outdoor,12,144.958562594,-37.7849288,Vietnamese
Cafe Piccolina,Parkville,Seats - Outdoor,28,144.9556719,-37.79525038,Cafe / Coffee Shop
Sargon Food And Coffee,Parkville,Seats - Outdoor,15,144.956578445,-37.80009421,Cafe / Coffee Shop
Super 8,Parkville,Seats - Indoor,200,144.956578445,-37.80009421,Other Cuisines
The Loft @ VCCC,Parkville,Seats - Indoor,70,144.956578445,-37.80009421,Other Cuisines
The Loft @ VCCC,Parkville,Seats - Outdoor,100,144.956578445,-37.80009421,Other Cuisines
Isabella,Parkville,Seats - Outdoor,36,144.955040398,-37.79885182,Other Cuisines
Bocca Foods,Parkville,Seats - Indoor,50,144.956063257,-37.79746671,Other Cuisines
STREAT,Parkville,Seats - Indoor,40,144.944996037,-37.77749378,Other Cuisines
STREAT,Parkville,Seats - Outdoor,12,144.944996037,-37.77749378,Other Cuisines
Poplar's,Parkville,Seats - Indoor,32,144.947935334,-37.77810275,Other Cuisines
State Netball & Hockey Centre Cafe,Parkville,Seats - Indoor,60,144.947631929,-37.78541877,Cafe / Coffee Shop
Lakeside Bistro And Function Centre,Parkville,Seats - Indoor,118,144.951432112,-37.78427658,Western / Pub / Bistro
Chaipoint By Bombay Bar,Docklands,Seats - Indoor,18,144.952339293,-37.81815357,Western / Pub / Bistro
Gaslight Project,Docklands,Seats - Indoor,30,144.952339293,-37.81815357,Other Cuisines
Supagrind,Docklands,Seats - Indoor,40,144.952339293,-37.81815357,Other Cuisines
Coffee Rush,Docklands,Seats - Outdoor,9,144.951186966,-37.81501701,Cafe / Coffee Shop
Starbucks,Docklands,Seats - Outdoor,16,144.951186966,-37.81501701,Cafe / Coffee Shop
The Coffee Club,Docklands,Seats - Indoor,70,144.951186966,-37.81501701,Cafe / Coffee Shop
My Koala Restaurant And Bar,Docklands,Seats - Indoor,18,144.944961198,-37.81396231,Western / Pub / Bistro
Bito Beans,Docklands,Seats - Outdoor,8,144.944961198,-37.81396231,Other Cuisines
Story Coffee & Foodstore,Docklands,Seats - Indoor,16,144.949373281,-37.81733573,Cafe / Coffee Shop
Harbour Cafe,Docklands,Seats - Outdoor,20,144.947217029,-37.81817241,Cafe / Coffee Shop
Pizzarium,Docklands,Seats - Indoor,16,144.947217029,-37.81817241,Italian
De Gusto,Docklands,Seats - Indoor,35,144.947217029,-37.81817241,Other Cuisines
De Gusto,Docklands,Seats - Outdoor,8,144.947217029,-37.81817241,Other Cuisines
Katsu House,Docklands,Seats - Indoor,14,144.947217029,-37.81817241,Other Cuisines
Katsu House,Docklands,Seats - Outdoor,10,144.947217029,-37.81817241,Other Cuisines
Focaccino,Docklands,Seats - Indoor,60,144.949017581,-37.81792089,Other Cuisines
Kebab & Gozleme Cafe,Docklands,Seats - Indoor,30,144.947975341,-37.81925128,Middle Eastern
St Brew,Docklands,Seats - Outdoor,69,144.950870472,-37.81949296,Other Cuisines
St Brew,Docklands,Seats - Indoor,128,144.950870472,-37.81949296,Other Cuisines
Asuka Sushi,Docklands,Seats - Outdoor,18,144.950258352,-37.81864991,Japanese
Asuka Sushi,Docklands,Seats - Indoor,28,144.950258352,-37.81864991,Japanese
Gokotta Kaffe,Docklands,Seats - Indoor,43,144.950801172,-37.82153057,Other Cuisines
Bluebag Fresh,Docklands,Seats - Indoor,19,144.951576469,-37.82019801,Other Cuisines
The Hof Downtown,Docklands,Seats - Outdoor,40,144.948951865,-37.81914692,Other Cuisines
The Hof Downtown,Docklands,Seats - Indoor,153,144.948951865,-37.81914692,Other Cuisines
O-Bento,Docklands,Seats - Indoor,62,144.948951865,-37.81914692,Japanese
Nine Elephants Thai Restaurant,Docklands,Seats - Indoor,32,144.948951865,-37.81914692,Thai
Coffee & Toast Co,Docklands,Seats - Indoor,51,144.948951865,-37.81914692,Cafe / Coffee Shop
Lily li,Docklands,Seats - Indoor,50,144.950091314,-37.82068417,Other Cuisines
Upstanding Citizens,Docklands,Seats - Indoor,56,144.94943448,-37.82089145,Other Cuisines
Mr Collins,Docklands,Seats - Indoor,51,144.94943448,-37.82089145,Other Cuisines
MEALS WITH IMPACT,Docklands,Seats - Indoor,41,144.94943448,-37.82089145,Other Cuisines
Sushi & Nori,Docklands,Seats - Indoor,24,144.949832512,-37.82131456,Japanese
Cafe La Kiss,Docklands,Seats - Indoor,71,144.948472468,-37.82183078,Cafe / Coffee Shop
Cafe La Kiss,Docklands,Seats - Outdoor,32,144.948472468,-37.82183078,Cafe / Coffee Shop
Tap 831,Docklands,Seats - Indoor,118,144.943459922,-37.82044557,Other Cuisines
Merchant Society,Docklands,Seats - Indoor,70,144.943459922,-37.82044557,Other Cuisines
Caffe Esc,Docklands,Seats - Indoor,34,144.945764329,-37.82205735,Other Cuisines
Elements Cafe,Docklands,Seats - Indoor,128,144.945764329,-37.82205735,Cafe / Coffee Shop
Volume Cafe,Docklands,Seats - Indoor,64,144.945764329,-37.82205735,Cafe / Coffee Shop
O-Bento,Docklands,Seats - Indoor,78,144.945046845,-37.82100111,Japanese
Cafenatics Forte,Docklands,Seats - Indoor,24,144.945066127,-37.81970478,Cafe / Coffee Shop
Billy Barista,Docklands,Seats - Outdoor,6,144.94250585,-37.82059451,Western / Pub / Bistro
Nourish-D,Docklands,Seats - Indoor,55,144.943933222,-37.82163103,Other Cuisines
The Other Brother,Docklands,Seats - Indoor,112,144.943933222,-37.82163103,Other Cuisines
Thai Thani Docklands,Docklands,Seats - Outdoor,14,144.943933222,-37.82163103,Thai
Nourish-D,Docklands,Seats - Outdoor,12,144.943933222,-37.82163103,Other Cuisines
Bhoj On Docklands,Docklands,Seats - Indoor,110,144.941261396,-37.81460532,Other Cuisines
Achelya Cafe & Kebab Restaurant,Docklands,Seats - Outdoor,18,144.942139035,-37.81434524,Middle Eastern
Brotherhood Cafe,Docklands,Seats - Indoor,26,144.940659333,-37.8149263,Cafe / Coffee Shop
Steakhouse Grill 66,Docklands,Seats - Indoor,100,144.940659333,-37.8149263,Cafe / Coffee Shop
Steakhouse Grill 66,Docklands,Seats - Outdoor,34,144.940659333,-37.8149263,Cafe / Coffee Shop
Berth,Docklands,Seats - Outdoor,110,144.941842104,-37.81515588,Other Cuisines
Almina @ Docklands,Docklands,Seats - Outdoor,70,144.93905572,-37.81518961,Other Cuisines
The Sri Lounge,Docklands,Seats - Indoor,120,144.93905572,-37.81518961,Other Cuisines
Cocobei,Docklands,Seats - Indoor,45,144.939704199,-37.8147229,Other Cuisines
Docklands Den,Docklands,Seats - Outdoor,4,144.940199413,-37.81427742,Other Cuisines
Evergreen Cafe And Pizzeria,Docklands,Seats - Outdoor,12,144.940199413,-37.81427742,Italian
Capri Cafe & Lounge,Docklands,Seats - Outdoor,12,144.942989624,-37.81354365,Cafe / Coffee Shop
Daybreak Cafe,Docklands,Seats - Outdoor,8,144.939410985,-37.81220918,Cafe / Coffee Shop
Sushi Yuzen,Docklands,Seats - Indoor,31,144.939410985,-37.81220918,Japanese
Marriott Corsia,Docklands,Seats - Indoor,16,144.937857365,-37.8131707,Other Cuisines
Gold Leaf Harbour View Restaurant Pty Ltd,Docklands,Seats - Indoor,260,144.937857365,-37.8131707,Other Cuisines
Hana Sushi,Docklands,Seats - Outdoor,30,144.937857365,-37.8131707,Japanese
Miss Pings Thai Eatery,Docklands,Seats - Indoor,32,144.937857365,-37.8131707,Thai
Peter & Co,Docklands,Seats - Indoor,20,144.937857365,-37.8131707,Other Cuisines
san churro docklands,Docklands,Seats - Indoor,45,144.937857365,-37.8131707,Other Cuisines
Dohtonbori,Docklands,Seats - Indoor,48,144.937857365,-37.8131707,Other Cuisines
The Pink Rabbit,Docklands,Seats - Indoor,50,144.937857365,-37.8131707,Other Cuisines
Cafe Bourgeois,Docklands,Seats - Indoor,50,144.941196687,-37.81308482,Cafe / Coffee Shop
Yassas,Docklands,Seats - Indoor,54,144.93675199,-37.81174852,Other Cuisines
Carl's Jr Docklands,Docklands,Seats - Outdoor,32,144.93675199,-37.81174852,Other Cuisines
Hanoi Square,Docklands,Seats - Outdoor,30,144.952548545,-37.82290352,Vietnamese
Mr Tucker,North Melbourne,Seats - Outdoor,28,144.941402664,-37.79501722,Other Cuisines
Melba Social,Kensington,Seats - Indoor,80,144.928633019,-37.79404162,Other Cuisines
Argi Cafe By Lady G,Kensington,Seats - Outdoor,4,144.9291382,-37.79407422,Cafe / Coffee Shop
Argi Cafe By Lady G,Kensington,Seats - Indoor,24,144.9291382,-37.79407422,Cafe / Coffee Shop
London K Burgers,Kensington,Seats - Indoor,18,144.929970327,-37.79424521,Western / Pub / Bistro
Fruits Of Passion,Kensington,Seats - Indoor,40,144.92999321,-37.79392952,Other Cuisines
La Galeria Cafe And Tapas,Kensington,Seats - Outdoor,6,144.929929238,-37.79360999,Cafe / Coffee Shop
Brewtech,Kensington,Seats - Indoor,24,144.935277724,-37.79000411,Other Cuisines
La Tortilleria,Kensington,Seats - Outdoor,10,144.93530104,-37.79142188,Other Cuisines
Mama Le,Kensington,Seats - Indoor,94,144.935841738,-37.7914562,Other Cuisines
